id,label
252d840db,67
1c4736dea,13
c37a6f3e9,9
00e4f514e,13
dfd946ac8,45
6e644aad3,49
630ba700c,73
6fd484575,4
0c3ae4377,48
98f62f563,48
22149c3fd,67
c3194a1e8,48
a31f90373,13
855229539,103
07c0d22bb,70
b7b3939ca,102
0bf251179,73
512aaea7c,88
b4663783a,102
9a4cb2829,4
2dd56f346,48
b57dfb28a,25
4acd9d511,53
cc0db3719,48
d5320553f,68
3cf6321ab,0
6066bf3b3,4
66e6f6938,103
e45a81eb4,4
a83db002c,75
584b3a955,67
f028e8401,73
6074e6638,43
ac0930c4d,67
94d32655a,87
04c9322f3,67
1a5872fb5,103
2fafd906d,67
c8bec0f66,47
3341a6efb,82
2a5e80a12,49
41ab6b40a,53
7acc72b45,67
19e239913,43
5bb0fd4f7,67
ac6d42eca,102
8d8f3ee47,73
5954973f3,67
a1a2e7691,80
4e5e899bd,53
33a504d5d,0
d31f5a836,36
fe2bfa700,53
eb86fad74,4
06291a920,67
84b7495d6,50
0435e3c70,103
efa3cd848,53
3231f45f3,53
4c0a72203,24
3d2ee2570,103
c476f6495,103
7a7fefad9,49
d2b091c3b,48
6ef2473d3,103
954d0fe63,14
2a0dc41cd,93
8e412c7e5,49
73ff3946d,73
8d53d2814,4
9f6708c0b,49
a69c80256,68
2bf06cd03,4
f5b855bb6,50
4b4291637,48
2b313ee7c,102
5b3c21bc7,53
1ee5a55be,8
3b89f294f,0
344a190fa,103
336577848,4
22f63c29b,103
32aa8548d,103
77f6880d2,4
e9b9e8a26,49
ce71e2dfe,103
7c30e1a81,75
e5b0c4faf,53
aedb03983,73
94db73148,82
9b1b30062,103
052d2dde2,67
49b260995,57
56e5b72fb,49
246798d36,67
524961d31,68
fac9307e4,47
5b8579555,48
9679190dd,53
b2b7e722d,68
1f36484d7,49
c145a87d1,67
eea83069a,0
f83e299b4,67
d6a792c0d,73
54493a1bd,68
f7f45e1d2,73
bbaef0141,67
d828c217b,49
558548e53,4
1932af102,53
01555bed7,53
353bf092d,0
a0277cf50,75
8a566296b,49
b1296679d,75
793a50bcd,103
58dc520a5,103
234f9781c,14
2a0404164,48
25db0cefa,0
80c048cf1,4
f4c6d5b0d,68
f0f03b04d,49
533d4492a,56
ea7342d9a,86
009b39e15,55
4c4caa583,4
5d23a793d,74
f20ae4712,53
c3b24720b,24
39ceb1ff2,71
49e871eee,4
165766e9b,102
b4aa13520,103
146463828,103
7371defc6,55
ad2e27bb5,4
72337a91e,68
99be4bfbc,71
18ca651a1,74
689a0fbd7,49
94cf9944d,102
c0f55d16e,4
2adebc1b3,18
7827a1d5b,25
3e0dee547,48
d6694bd34,91
74f238044,4
c2a426d70,67
72c2a5cb0,53
0db15a736,67
27a95ef27,48
07550addf,53
ad34c1f34,64
60711fbc1,55
b1f3717dc,4
a8f945820,53
5633f1101,4
68f48e5f5,48
f789af170,68
c127de43c,4
5da2bfc47,103
8a89d3315,67
461f4f5b2,59
df723f46d,80
e14129a0d,102
5a2fb5300,0
852b5fb74,9
240684145,49
b94381f7b,4
d9004decd,47
b2d489e27,48
33fd32684,49
8a7b93f64,87
46002f8b4,103
c6492c817,67
0d9ca96d7,49
02040055f,103
61da47774,73
f4672d1aa,80
8a4293e72,0
b5860475f,78
94693762f,67
64a27fd4c,73
06ebbb560,103
3b197ec5c,80
15c5a0a46,73
31323febb,48
b364e8688,53
01337a0cf,72
ed8f1770c,24
bff69770d,102
65ad58f26,36
e95f725f6,49
ef761a150,71
df89c0568,48
1d73dffbc,103
b1d61c023,103
4bf7df629,14
eb0a53a24,4
1fda84008,74
cf1ad8706,24
67ec88f39,67
4f06ca2cd,67
492cb82ee,91
e44a6c4d1,73
8d8da7a3e,73
392d70bc1,14
da83fb069,75
e1b63aee0,29
0401b69cc,67
4e686a694,12
501117624,49
fbbd35173,49
0c8b4c597,103
e646d3124,47
27eb5a7ee,75
178290233,47
bfd66b238,73
b57f67883,87
8cb3a6ba1,4
a8a7882c3,49
22324cd72,68
650d157b1,75
05dc093b8,90
08271595e,94
7077a94ce,53
2cccd8e5e,45
5ced5d4a8,4
b14b95e77,0
220b46a44,103
014bc73f0,93
4c9f8b6cb,73
eefdd0431,13
9843c53a6,73
c0f132f35,103
ab218ac50,103
061e6510e,67
04a9517b0,74
5f15c8bd6,4
2deaeb284,67
a7d9f1cdf,0
7e512d140,53
e237880ca,49
4181595b9,57
9935f0510,67
c34f2139f,49
7fdb2b868,67
6f509e3dd,67
4a2dd1c8f,67
b8e0b2ee2,48
1d73e26e9,68
656cc827c,102
683ad13b4,103
0bfb74564,73
7b1773554,59
75001ddea,4
333b45bf1,67
8cf4b952c,103
38c7f43d6,53
011d32580,53
7e3809573,4
b15603bdf,4
ed4b21055,13
35396fb82,95
9d9654afd,13
4b781211f,53
f07838a9e,67
0b9841d58,53
ee652c6dc,49
1b0d7769d,73
c4c78dc65,4
daa970cd3,67
9643a628b,4
dc7a50dab,49
797ae6066,50
0a159c5f5,73
ebc4dfd8f,67
ee559b5b0,7
a13beee25,25
63655033a,62
5f813832d,103
698eea745,68
00ff2c720,57
cc9db3d3f,13
2a0eb44d2,93
4171d3272,91
dcdf04ae1,67
3aafc89b3,73
07b2fe99c,53
dfc4c6de0,48
7a552ca1c,62
7aa990232,67
c293ccc31,103
e2480f460,93
a7857a9be,53
33948db2d,68
54cebd37f,68
d1b715fc8,103
5a74ce4ab,102
51c386b65,73
23a1a3753,45
78be4d100,14
63d16d8d7,71
5d0017929,103
de847e487,48
f2702f681,53
13c92db23,0
f2d41d6c3,67
e576b00a5,21
08263abdb,65
c832cf426,73
e08032ac1,14
71ee25b79,48
5892ebde8,75
24aae97eb,73
99c14d554,4
ab0af1000,49
8f01b1034,46
587e44cea,30
c2d8b52f0,103
cd15074d2,73
0c705e746,0
f1177451e,64
cb697da69,94
e730f38fa,48
ade6312b1,4
81cabee91,7
7db72601e,67
eb5ed44cb,47
50f72bf43,4
87a93b8d6,49
af5e2bbd4,45
3bccc9014,73
4bf799dba,49
ccf2ec80c,67
18d41400e,13
bb0b0e551,57
fe0e1d7c2,72
ac937c18b,49
a3160e2c1,73
fe6991e3d,48
71525c500,103
09ebedf6a,49
e3c7bb70c,68
4b7b43b7a,80
58ff9dbee,67
b7af85f6e,0
be2773579,14
1aa8492a8,103
27ba808dd,13
0c548045a,43
5bae6010f,56
b39cc3832,9
a5c3359e5,55
54cd18535,49
5464a7e4b,73
450d37a38,103
548a35991,53
2d8716e8b,67
8a693ad10,72
de261e169,4
eda07476f,48
e611f94be,74
965dfff6a,57
1baa33eaf,53
0d3269c35,4
f80c8bbf5,24
af4873fe3,14
a6db0754e,13
36a638215,30
9e07d0aad,102
329d815e5,36
11300f71f,49
5bcf739c3,88
a73af3677,4
1d1f028b2,102
13166036e,53
e1a0d5f24,73
74973ce69,7
0d989f57f,48
eeeb6b66a,55
6afc9ee54,29
79686d60a,4
26a59215c,53
4dbc5fc3c,103
a16bdddf1,48
348bfc268,68
598a1c3d9,68
46290bd98,13
c07cac3dd,67
842297200,73
e3efeee68,48
092187ff7,103
dde25205a,71
d2a45014c,103
88f6fd6e4,67
75ef86e19,73
20aea9077,79
31fd82f08,103
ce17d08ea,73
9d8d14332,48
54c0482ce,53
14be34092,102
61f976a63,73
3a29db605,102
73d138dbe,75
36be47274,49
c0654d4f5,48
27391414f,103
54f09b0b4,103
95f9e2bd3,103
462e25ba9,67
9e4d41ad4,36
0315a723c,49
f80b1c8c1,75
fae67c6fb,27
50fcaf0ed,102
6f03f9497,102
c8f0b4717,80
bcbb5c787,103
7eaff7aff,49
be3873f5d,0
8b11c130a,49
692cfa850,68
8b15247f7,47
2f460d807,0
5e0da2b1f,67
a67c5bc5b,53
7b151e3d1,73
bbf51ba25,49
4c742de40,67
57ca642dd,73
25faa6813,29
1eb8876a9,67
1f937e111,86
07aad3ba6,49
e210dc4ed,103
5078ff4b8,93
7dcf1e590,56
0bb9c3f30,73
f56efef52,49
bcde05c42,75
0d9e342f6,43
a66f7bbc6,68
43975ba66,67
ddd367d19,4
08b4c02fe,67
f7ad645eb,103
d69c942d9,49
f36c00407,4
b65acd50b,13
a8b46288f,53
092be0405,70
d51f2e142,45
5e5acfa07,49
6233d3e01,67
98077910f,103
abcdf9705,49
fd7cd952e,48
55a2149cb,14
23620cfdf,68
d1b0f75fc,75
075602d66,13
6e7629a9b,71
1446df348,75
50f97c747,48
fb61eca01,73
5235c6c53,4
4ed9720ea,53
b8e1080ce,67
e67454090,73
9c73592f0,67
3127f8637,67
77f19a3b9,48
32c22cba6,48
29a02c757,74
345b6fc68,45
a9a93e3a0,24
2ae7f866e,53
9aea1d3b4,73
20079ffd6,0
8d729fb61,13
c8349d602,49
2ae85b034,53
7fc99345f,73
fb745f800,53
c82045295,73
2ad779d27,4
05bd91dd4,103
16e29883d,91
416b038b2,67
e3b9acc43,49
d3ccdf536,14
192bbbbda,75
d702d0c15,47
3a01c3e88,103
4e43a75b1,0
a114ff305,48
19b1f6ed1,95
a9f3ec5aa,53
ea72034f5,53
c38884c9c,56
1559449c3,90
868f3ca31,103
c86b6ee78,13
2afecec3c,62
5ccc5c940,67
ca2cc5375,4
4f02105f5,67
297d94118,73
b9a6f2dab,75
5fed86a73,53
352d983b1,102
cb05fa534,68
26b07058c,43
15442a507,7
fee2ad37f,4
39a628cff,49
f563b8f1b,4
02821f581,49
ab473d0fb,49
1ef078208,103
a645ada8e,0
a81b149d6,49
dce29c03a,49
aa063d915,4
485e088fd,49
29d710a29,103
39902d722,73
75bb87271,48
1153cf999,103
77628c813,67
c571990d4,103
c6baa2b95,55
cb1fa5404,49
e87c94e9b,47
76c56dda7,67
b466a17e8,103
505515f6b,49
94c53b0c3,102
149d11de6,53
828abe04c,13
9fe3b171a,74
8ca2371d5,4
138275e36,103
d18ee118e,102
0a399baa5,4
c8b1673ca,67
6a22f0ccf,4
a9a679316,77
42dc18525,57
7c2f23622,102
9b8caede3,67
742ca771a,43
43ccfd5e2,4
bfcedb4e7,59
564305f6f,103
d77fa0d2f,67
8a361b630,74
1d1b18d38,48
c337a455d,4
75d3452c1,73
51f6d891d,0
474219bf8,103
084527620,67
3b8fc5371,67
6c7e15c23,47
bfb86b915,46
e178e1fbb,67
24261e7f3,49
43b2ec735,103
d503d72f3,91
504495975,14
7bba13923,75
ab54ef65b,53
347f41bd1,67
6c80cfb8c,67
791899b46,68
925f36b79,36
d493e1205,67
aab3a2289,49
6841f21d2,75
0787857e3,103
4f855f8ce,73
557117401,48
ec53bc088,48
f49141ac9,49
53cf1033d,4
3daf5597b,75
999be9923,53
0e1fdb95a,49
a7f1fb92f,4
ca53ebc3c,93
bcb73b724,94
a7088bd2f,14
0dffe81ea,0
87fde6edd,49
24032b382,90
cd4179139,4
5e2692d15,74
bda7820cb,49
eaddf667a,4
d375ebc76,49
c7ab8e645,53
ca8726968,70
d9af9a571,48
79cde037e,103
1fb27e305,73
bcd08a7dc,82
fdf659ef5,75
5d426c1bf,48
53cd52d9a,13
a5ae66568,53
a939e29d9,103
a025436a1,53
867374cad,103
49add67af,80
df16e4771,53
91fae734e,4
c357e5a70,45
8a18b9699,0
a078d515d,74
7560dda12,47
127e61a47,49
b764d3dd7,73
2c8530a58,62
2b403205a,49
156c0950f,49
9dbd813fd,0
e27e698bf,67
441472ae6,49
6eeec13c3,74
f4fee0e27,73
ec51d8607,73
1ba32dd82,88
5e45c97c9,50
8eb564814,70
3b2fe5739,25
49f7cdb45,53
fc3f3fa1f,103
ce934c0dc,73
c16bd5262,73
c11e44cde,73
04cbe7a50,0
53f3609ad,4
600da56b9,49
278e2fa12,93
df38bb8b2,103
f247862ee,91
532e6c637,53
49f864fe9,25
b56ccfec7,0
f9b3f2991,103
b2d3bbf61,68
702b7fc70,71
577793268,45
5954098e3,4
8098272f9,49
bada5fd0d,75
e9178e294,67
8261e8f5b,67
49f98b25a,103
f4f248df9,48
516a450b7,103
e2e8f7c06,103
a155b0167,67
86935b0d7,55
536842c4b,103
cb3bdf3e7,73
ff5fdbd84,4
137107106,13
f93b17627,47
8ab8cb727,102
330cc9d05,67
8fa0abb21,103
5233ee8fe,45
31750199b,36
b59846a6c,49
cc599caf1,4
5d17abe47,47
1f21ecd18,4
500cf0ed3,68
a8e11ba37,4
0905820a2,81
58dbde095,67
a7bb097c3,13
ba9e184b1,67
b5fdbbd19,71
2ee9ba725,48
522ea009b,103
8701aa4ff,48
74a2503cd,67
ab254cf0a,49
c3bf03c46,43
d45c77b42,73
60372c4bb,4
ddaef039b,103
7db900a9f,43
f1e56842d,79
6d822303c,14
7d540187a,13
51d6b9846,102
1eabd5622,9
01863f6d7,49
1d24f052a,52
8c0e403af,49
fbae2fb1a,49
17f8af701,103
a670f0c43,103
da0fc52e5,49
230302d1d,4
fb87ee5a3,46
7e517b238,73
3758eaf1d,67
530bde853,49
4d4c87a41,43
4d05e9395,30
9fe09edeb,9
563c9008d,68
1fea6253b,48
7683668d8,103
f83823a7e,57
0fedbbf5f,4
0fc65150e,49
6896dbe36,73
f16b7e08b,4
151b27a24,67
48b84677d,67
5153e1522,13
f3e1244ca,88
4479d35f0,73
0fea673a3,77
66d3a82e2,103
a4841f6e7,0
3a1396fa3,55
41a1ca700,73
15ef197c6,94
0e3a60b3f,48
8ecdad441,36
4374d5272,102
5c6e09f5b,13
bca2de14e,0
fc85dadd3,0
92ec435fc,14
c17b6ab8f,80
bba2d82cc,0
3856fdbd7,68
d28273036,49
27dc84ff6,103
02eea69ff,53
186a8ff9c,103
a31e545e0,4
f3300dab1,4
909ea73fd,74
e78504c82,48
5cc2f95e9,73
8d4c9f88e,75
a7c42fdb2,49
132212f11,75
f534d4ae1,24
c67858398,14
92c7c2838,45
19f37512d,4
e4ba02634,103
182c9e6ef,88
d32d6ccd9,4
59d5309a8,80
187b49cc5,94
5d58d5dfe,68
47134493d,45
5fdf59f6f,73
8a4dedc87,74
b2982bed5,49
7dab12862,73
2198f8dae,49
9f80990ad,103
7864cabe3,4
a893581c4,9
6a6ad6ad3,73
e87044bc2,103
03a46c116,49
9c0cad204,53
fe843e592,103
75753e7b1,47
8ccadcb08,103
501e378f3,103
e44ef0f10,47
3433a69c3,4
5453d7402,4
ccb9b5cc7,103
5e4a5b406,103
a39a47b84,74
c5b5ecb0d,48
2b08a162a,73
a575e3bf7,73
1d808a2d1,103
762c5e25b,4
d49030919,4
fb60964fd,73
aba2f346f,55
2b9959134,80
20dbff58b,77
23f8fc3d9,48
5a3dafc67,25
0698ae8e2,8
2f230552c,67
05c992976,47
532eacbec,73
72589c9b2,14
7ad932a97,102
ae016f27f,49
5ed06cc85,13
35b896087,4
341538182,73
926ed805c,102
ac3ed3cb8,67
0bb20e5d8,53
2f75192e2,76
20b4cff1d,0
8a5e6e01a,53
df76ddfcc,8
4fb19aefd,86
a12ca9636,73
b7ad7d574,53
059ee98dd,43
8b0aa3f7a,102
2e78d7d23,24
439c8664a,48
34f820893,49
c425cd871,103
5b9abdbc8,73
9d8d9607d,53
abf65b6e6,73
85f3749ca,4
ce6096353,103
07565a412,73
1bf635fcd,102
23a39f766,73
f1c7db9eb,75
6f3f4d188,68
f38eac7db,4
08d076fb7,75
28462ed13,14
8b0062584,12
cda807af3,103
03536aa93,53
e69b66458,25
fdf7c8fe5,49
34d736b06,4
8e6d1a140,49
7b89cf590,103
7da20ceb0,53
ada310267,13
ea16b16c6,48
93b754b97,67
f1495d941,4
8ed239a08,53
f468cfed1,49
894696267,67
038c1315b,94
1f750d4e6,75
1a5e9517f,48
5d1259367,67
1d51372a8,95
a63f52d9e,49
6318d6cfc,13
b9ff3b500,70
0f40f447a,49
6f88cabe1,80
6b3b8d49b,57
ebb1d9137,49
6f0d8372e,49
d9924befc,73
b07bb0c22,4
855c94fc9,73
9199afd98,103
9a1e64ece,48
9ebc88cdc,103
ac73af09f,73
334df9a32,4
99caeeea3,73
ae8e8b50a,49
b8ff15213,67
e758b0185,49
8f8ba278f,53
bb88f386b,53
9a33c631b,0
de8fd4020,67
630d3e7b9,4
9e46889f9,102
bd3bf8f16,80
470847079,76
4165e5bec,53
9677be74b,67
91a2ba8ab,53
f2ef2873a,43
0354bcfbb,4
2c0fac807,75
d92df455f,36
5628f5deb,93
209b4da16,103
19d5edc51,4
280b71230,49
af7eab8ce,72
85e1dd858,49
9a2fe7b99,67
8fc79c991,49
a8ae0ccc3,50
157be3bb4,48
f4c3dcb09,103
3aa210981,73
75906e681,49
cc99ce5cc,68
bc707c021,49
dd33bfef9,103
bad8d3e9f,53
10acd2f2c,73
b8fbf9eca,67
69e5888fb,53
730d2b0f4,67
ce6b9b704,4
012e26395,87
9090142e8,103
2476c4270,4
367f31c9f,73
9e006b3d6,103
d7c938976,57
0aeacb28f,4
10c508f77,43
1e8175d27,73
143b75258,67
6d260c2c4,45
60e8a1d83,74
56317c242,73
6ef97d18a,76
42f3a0c03,13
f553000bb,73
5f3773437,4
7abf68943,67
2382c277f,75
39df767ca,49
645e6c963,64
bdf131dae,59
a13259e0d,46
b5a739d1d,67
afc49f312,46
52378ff5a,49
5cc793cd8,90
260517e44,29
af51f29c8,103
c9a7eae13,74
e72c5d3a9,103
6601f2903,68
88e754f35,49
e2567b48c,93
83f7c30e9,103
0abb8d338,56
1c63f50d1,49
17118cb89,75
001e13533,48
cdb8be610,4
fcb500296,4
25f594d35,13
978d9e4ce,18
8ba970109,73
b3c636639,103
c0e0640c6,49
201a74da3,24
f5d022470,55
c5d9914cb,49
34302ff94,103
67a3ff9db,43
707760045,86
44fc90316,14
a16eb5fa0,13
af8f1a4cb,73
dfbb8c112,73
ec33a58aa,49
aad6bc2bb,4
2a8131dc4,24
f2db90ee7,103
85bde49f1,45
8d4368f5c,103
656a556b0,80
7163520df,24
9040a1e5f,49
e469820b2,49
8a9b13bef,103
4dc902039,103
5fc2cecce,48
d81fb8241,102
99d0b77f9,50
04d9215b3,4
6da191d02,53
0d4b7df42,30
805f78d97,82
95b5120db,47
abf89f144,82
f8b20dc7f,49
84b6560ee,55
ecf751fe5,21
7263dccaf,13
eab53f47e,48
ccefc605e,73
a91e7f455,59
9290d73a1,103
6ad636b14,7
c90849e35,4
78ccf47e4,49
bd6ee4ac7,47
97a476deb,49
5db83d658,48
0fccb02fa,74
0aa405eec,67
61486eb05,80
a5566ef23,53
2a459a0aa,73
322b5e989,49
329581d4d,80
c6e5bc142,4
dd0839e53,102
f55caa50e,12
b87e16bc0,103
bc08f60aa,49
8904c358d,48
7405dd1d5,67
d8437a7f7,79
6a69a6ae1,73
50ff8f2d0,48
cd6fb957b,48
981396649,102
ae78a484f,103
db86084d1,64
0dc26fe1b,47
85c2ca274,67
71d454f1c,103
da9de3c05,103
b299b2022,67
f7019798c,73
2ec1937d2,13
288feaf8f,67
d4c0f8a5a,67
b738a5ab0,43
5083ce580,49
7d2140905,47
73633e6bf,49
931b0b249,73
f7fe0d522,13
786172ac6,48
ffb840ebc,103
d35565c6c,4
d970c4ffc,24
f16b615a7,62
8ec1ab770,103
6fc119103,74
f62c0973f,4
2bc4dc850,48
fa7866999,48
7725cb554,73
7e8d0ab34,48
97ddeaac9,93
52dc12639,30
f0727012b,102
070a1abea,14
27f69132b,103
3ae3126c9,67
7b53e5791,68
e68152d61,4
65b44f1fd,102
8a5353b56,103
ce5af8fc3,88
c93150ab0,77
760d22629,43
4191e9966,68
aaab6a867,0
6bc2469f2,80
49f2b41a5,103
576f07382,103
dd9cf65da,103
656851f72,103
b71543e42,74
a67769dd9,94
13d3c108e,72
c6c801e09,68
60a40c037,49
56a33cbaa,53
34cc8d691,73
ff2e1b825,103
498d46ee2,68
de8795ddd,46
e93da9242,36
22b20a20f,53
666f4d363,49
fb7d17d79,14
46241640f,67
99b639774,73
353d4bd0e,8
9ea847197,103
c77e635e6,13
8b31b6453,102
7d5d89bf4,56
76809aa23,49
0befbdd9e,73
23c567b03,86
f67596886,102
ee2fd195b,103
b05b5e5ed,102
42090e3bb,68
e267693a6,30
15c1eb33a,45
7484473e0,93
99e7f0526,14
0119427db,48
8515fa3ea,55
cffa6d1a4,103
546ea2a87,8
f6c766f77,57
e9fc9a217,14
b811b25c9,73
1f673a775,67
73acd2065,75
64e5e148e,67
bb15fd515,4
23052c6f1,82
ca2f4b9ce,68
11f448738,74
ce1019f58,53
ba23c645d,25
096df77da,49
39236fa60,75
cc0e98f9c,102
4fe7886e1,49
6ebd051c0,45
dbed4d8d3,13
d83d3fbab,73
116dfb5a5,55
a6732ac2e,49
25b1a1971,49
1691d45e6,103
ddfb8f27b,67
4ce386ab0,48
114d128ca,68
026d4082b,45
3c98993ff,67
ac28e9c47,67
46f84af18,91
4fdd76274,4
611876e26,73
c19d02d04,67
dd331079f,49
a2fcedaf7,13
15bbc7306,103
31a7d4530,73
0240a9430,0
62e32ec91,0
26cf9ecfe,46
440128919,4
1557e4b6e,102
ed8c3c3f8,103
06631da4c,49
532160a43,53
fb7984b64,102
7dc69b4eb,102
738116e15,53
35c39adf1,73
30b7ec090,36
b7c137651,64
24526b077,71
2d3c0a80b,4
31a00d007,103
c4d436848,94
8e07cbf1b,86
49b354ce4,4
de23c5486,0
07ccfbc89,53
7adb142c5,14
92d8c290d,103
3d814b28f,49
a0c7302d1,48
8d60b7464,49
1327f9bd0,49
2a99b0118,67
1eba038ad,73
a31b18ea9,74
ac1c8b1a1,76
dabb82074,68
a7caedcb0,48
413305146,73
fc6fa6753,62
4e19a3a2f,65
92673a9aa,4
0623719c0,68
09c8ebae3,13
a36120551,48
8128b8af9,48
8a1f6d193,57
dde8d3397,49
b688ee356,76
8a8eefe09,67
79c5126ce,4
7b46c52c3,48
4156a2861,68
ce6303fec,46
43e458e40,67
92cf1594a,49
3d44a717d,57
aa560af38,0
66f455e67,53
564564fa1,87
54a9c9512,13
9ed2586ca,67
2e1a7e4a8,30
1c946e0a0,24
6821046ee,4
a64d32c6a,73
763b49b1c,29
8fdb0b741,103
e291c8794,102
a10a0b280,47
738989c7d,14
78c02c2f5,49
d92a98c89,53
3d95467fe,102
7d04df1ca,102
3c5f0c3b4,103
6395b130e,13
b145790f2,4
9244f8d54,0
2655440a4,4
1ee86a298,48
e9a2109c0,53
97808297d,75
62e5874bf,14
a3500e94e,74
7593bf7d9,0
337ffc67f,73
755794886,14
411394fae,67
09adc5faa,73
dfceb73a0,67
17d0be640,4
ebc612beb,73
1314201bc,53
99e810fa8,71
b9811a813,67
4e4c57892,67
787578be9,49
974a99cd3,53
ea072301c,74
ce97c8026,4
719a12da9,49
07d138d01,103
1f00c0495,68
616bbeb90,47
4d178a6b4,43
e5eca71e3,68
f337de2b3,94
4b49bfc87,43
47c4e4fce,49
141ee85b9,50
1a6b89e31,48
6df282095,13
903a3ee76,53
26f0c457a,53
1c08a7736,48
f38c7346b,4
94a7c5ed2,24
60c0ff1b2,22
b765dfa87,103
1971e15b7,53
3c5103dc0,103
b82ef433b,73
def4dc802,94
eb6dbc774,13
11db2e1d4,67
a0affbd33,67
241a96f41,13
0a98a2179,49
e2e81b2c4,103
a195eb3f5,67
41af5743a,64
275fa220b,5
cfdfb9028,103
1cb630a6e,73
8848222b2,4
8716d5221,77
4e7bdb1cb,79
124b3526c,24
c21cd70d4,67
1fed3b30e,50
8ccdebad5,48
2c8f66cc6,0
1fe1e5c34,50
d06adb15c,48
440daa96f,0
ce27113a5,73
df23921b2,67
af8f3cceb,80
953076db7,48
49fc70cb5,103
0d69ec15a,103
f822afd0d,103
32d710e55,103
4adcfb275,53
6d7ff30b8,103
f56f35811,49
1a5d9c089,4
f52f85873,55
8d44b6bfe,73
3dbd32e8f,67
364e07591,49
ed55bdf99,47
85c40deca,68
b3cc561cf,49
599d64d01,102
68e8b6b9a,102
1ffdf0d9b,62
fbceab432,29
63eb884ce,4
6db9ae896,67
c52257cf9,73
19248ab83,68
1ff3a322b,68
d9a466069,73
a794b05cd,48
40cec32ac,73
627f0996d,49
ccde3ea45,12
35f0035c1,68
64088707b,50
eb2216bf9,0
18ce23111,67
f7696fbde,13
f9c5a4820,67
1b07b0a53,49
175e8c4fa,30
897a2400b,67
7c734cbb4,48
bbad1c1a8,73
d415cf45d,4
e8cb185dd,45
d2e838de1,14
b6cb0c2b8,75
848c7cfe9,4
ea915b13b,53
a67e861a6,67
0f6325318,53
d16bd1260,82
ddd24583b,53
285ff0263,80
03af10094,53
0cec3ad84,68
849e05914,0
6f81b250e,103
462a4b1f1,67
24bc9be2b,43
8ef4a7754,73
7f0c3fad6,4
d4350350c,73
708c1099c,75
95e7165a3,103
3fd719b67,0
7472f2db4,49
ceb261e4c,68
2ee5a9066,36
9b49af313,48
f5aa796ed,53
320890eb5,103
a497a8c2c,102
b8c5eeb8b,4
4eac8e323,48
2da86b144,73
58a2ab14d,73
c49f75868,102
50c36b121,48
57b85fec4,102
97d3f3707,48
a86983a99,73
92be2245d,48
7ae85e90f,88
33b9d73b8,103
ada4b9362,36
1a0fb01d4,43
afa55360f,102
f0e91b85a,103
718f47a1b,75
d2927e981,75
f116f4ff9,76
ef799e46d,49
43428f900,48
de4b24dec,73
6f09acc36,75
671c7b595,102
a5c902dab,53
2043fd8b7,48
4f4f5f14e,103
563a8d7df,48
fea3b6b40,68
464ee7908,73
6e3ac91be,49
257de6c9a,73
bcc60f666,53
f0e6a679a,4
8d3aa53aa,4
f05894941,7
c393d0e16,90
87acecd2a,67
b1845770d,80
2b4be937e,68
8d8c840c4,103
3962a6493,103
407b393a9,53
736b7b278,103
0fcde961f,73
acd745458,30
176afa321,13
2542212f7,55
67cc6b5ab,4
8d73023b6,48
915159fd1,48
06d517e80,82
26417279a,103
9c5095d94,53
d0e1963b1,57
f247352ee,73
904bafc6c,103
74f0d70ef,75
183896a90,13
a4e32e242,73
597bcc032,93
dc826db21,53
2873bf12a,4
6a414bfdc,65
a1bd64c5b,50
2ceabb5ef,14
b63c59f86,49
a405112f8,88
91610e157,4
750bae291,67
4f8a37fb9,0
5b229190a,67
cbf0f9495,73
29add8561,103
19c5ba9b6,103
28aef7cc5,14
2a914ceb8,103
00e3084c1,102
39dbd326c,47
c68758b00,48
aa1db9aef,45
d91b12e12,71
87a192226,14
b57325fc7,53
0021f0d33,53
81d39b116,73
e2a511303,57
9e3ca10fb,14
fcb1d086a,73
9b2c62063,4
afbd78d62,73
d710d0940,50
846099053,67
677dcf9b6,68
bc53d427f,4
b77626f46,73
3912b7506,49
fc2f9869f,48
2118eb37b,102
ac184d84a,93
e7870e8a8,4
c38903943,50
cd35b6b36,48
202b90ad1,49
f69a85264,62
e6c5fe236,48
cee0a6466,49
36568fe64,74
4bef06f11,53
5817b58d8,53
be5a25da8,48
f1ccc8566,74
eeb2d5691,4
9d3f09890,13
07f963c50,94
0664c88a1,0
4751e93ad,4
1c8122f7e,87
24dddb20c,49
e914d195f,4
023520fc4,48
e8475ad43,103
d64daa728,103
f638bd582,67
e3069605c,94
6e74639ff,4
706bd2088,4
dd6301145,55
fb3530a46,13
06acca7ac,73
76b0d0576,73
65ce506a1,71
1aeda3f6e,75
c50ca0af5,94
887cceb1f,53
6bf4a58b1,67
a2d6fcb7b,62
9e4eb029e,4
157924ece,53
166c6bbf7,4
97de1dee0,49
8dc5fdc92,67
86f5cdedd,103
b82ecce8e,103
4289422a5,47
e4d72ce27,67
c61564271,73
79901d55e,59
f4feeb150,49
6094552e3,53
c9f640a80,4
9b9381ad6,102
6b4fd7e01,53
15cb0c24a,4
3f1a86245,90
d6503fc7a,53
4779122c2,48
1c3a7bc99,9
875d12d36,4
745cf5ce0,49
3333af434,80
b20b97998,48
18abb30af,68
edf6883b2,29
fe40a3dae,4
c652a7499,53
085b33a8f,49
cfebc1eb9,14
eaaeacd1c,36
529f2ee42,82
e75ba2d32,13
9b9dcd9c2,73
9ba7dcc7a,43
da98b5bac,14
22cbf6e58,13
6144fcc9c,93
b1de2b162,103
cf3047df1,75
769f6fb8d,48
bc4b01a52,82
3ff1824db,62
4afd6043f,48
168f633fc,4
1ed9fc0aa,48
653dc3b58,103
0e6c034cd,103
6180782c6,53
8f4e1b979,82
061e3b226,48
9a970ddaf,73
18a0fa20c,68
9dec6e6da,73
ce6f860f1,87
7a26fec2c,75
2b1fb675f,45
23cce6771,73
e181cdda9,53
6a69d191c,68
a7e869862,73
6129c13a7,53
69ed9d7a3,68
acc347bb6,4
43c7672d1,103
7cb805a4b,49
db4859b98,49
4dfa64964,53
48bf5c6c5,0
a7464ddab,80
f2d9b993d,103
1b4b7b0aa,4
19b55b489,103
3ef916a55,103
ad06e1507,102
29bfe409f,103
eecfcfd26,0
9ff26d18b,103
5edeca301,74
e3bdad3bb,102
842be06bb,47
e7f0f1e63,57
caf89a8f1,45
8d5b79bb4,91
408db7399,53
0ec158f7a,91
ccdbfbc8c,103
a6ade9e09,13
e4e3d8a4f,80
60b3c1ec6,67
f4ac8bd6c,14
c8e30f4c4,67
bb5147a35,12
3081eb3d7,103
3edd04c83,45
d4bf7a89e,49
d35b47e60,0
b067fabd8,68
089c2739f,102
f9f196acc,9
eaf19ec05,49
f34e6c4db,82
6dc57d8b3,90
aef983095,4
fe824e9b2,53
f1e71c574,103
a76407bf8,73
5beab41c5,103
eb0a1b58b,57
2af766509,8
39327a0dd,13
70cbc35a5,49
935518c47,47
40eda589a,103
061988edc,49
5112d23be,53
ea95803b6,4
03c4126b4,4
3ad81fa96,49
69c31f86a,103
420e4c39d,82
87f6a1325,73
6461cf7f3,13
b9a264608,73
ead4c9659,67
b0d928a20,103
92b24e585,74
95eaa8650,47
ee3c66211,53
9da5c57ef,56
6b5cf2a71,62
3714d19b7,47
151d03177,24
f880b1d01,45
63d72a8b5,103
8e9cb9e5f,4
5d4811c9b,67
e9928cf8f,67
170517f38,103
8bf87e69c,67
07b1b8c87,103
e9e0698f5,67
cf8ee02e6,103
74f1c073c,49
b96651b6a,29
b30719c82,29
b6559ddf2,4
805888e57,78
fe30ebb03,14
dc4338093,67
b167313d0,73
21ca80954,13
486d538e1,68
3599e2fbf,50
72848173f,49
902b5770f,47
f5e86abe9,47
2083b8669,103
916e18133,49
090a1154e,71
14ffc1505,79
2b5c4fa01,75
121fc6463,49
3653292ac,47
07b9edd52,93
ad27e607b,73
0cbc27679,7
4ff54212e,94
9c3ca26e9,67
eac0fd0b9,67
ee6340fc0,14
edca7ed7e,102
863e8afa4,103
f6f821392,13
72033968b,21
6b8d9d74d,49
f7ec97ce1,36
1777595a2,14
f424ad351,103
2c061c902,103
caff65f31,48
8fc8f357e,29
8d94bd8b9,73
979be015f,55
f7890fb5d,73
5528db727,49
490efc553,48
2ca0a45cd,14
646e258ec,53
f6e9739ff,48
e9d6bf3cb,49
1bbceba89,103
698676b2c,43
f59c3ad7f,103
c0edbe84c,73
433c9564f,94
d1e91d28a,94
da1b9b717,48
d4a2a2f29,103
8fe3eca19,4
c4c9b5dc4,53
8996126cf,49
4c0f2c1ad,45
c62460407,73
c92684487,65
a1c8de469,45
56a71117b,67
96df0c6bc,80
056767c8c,14
d1ae6b983,48
6759ac31a,0
4591d2725,0
50c9fd635,49
19f18eb63,55
7b506b5bd,0
4dfea8574,103
fc8428025,49
7f7b2c732,82
f2a35c7cd,103
394eed0ec,4
6abab3d7d,49
91398b8af,73
07b1b52f5,67
3a1d5b5db,67
2cfc6468e,9
fdf61c313,36
d0a654445,73
c5c1962bb,49
98cb45c72,48
e11a7a42f,4
ac1af6f95,53
ebd098414,49
4a3bed1ab,67
ab905cacc,14
9a879fb6d,4
018353f1c,53
2c7a32907,73
f7107a3a4,62
d7c723881,67
547e41140,67
07a4b0444,49
38a3caf8b,49
7605a3733,49
1e59b9929,49
f8b87bb44,73
ca050faf8,73
c210cba33,49
4479a460c,75
ee3c0e393,67
9ed125a83,49
14a804b2f,4
69f5b082c,49
eedc4e2f1,73
36d4c70b5,91
47830a2a1,67
993b3757b,53
4c8e7b1f5,47
052f7e154,53
6e16e769d,68
a666bcc36,103
e5540e0f5,53
6f238770e,14
73d04b4a0,67
f4684cdeb,67
874df1738,73
a18ae9e89,53
f85c3cd52,48
2482d97e4,67
7ca677dde,67
85f511409,103
5f2c16024,12
95eb4c83a,68
832b85df9,67
de9010824,75
4028851f0,57
17625283c,48
f735fb308,67
02d846418,4
89f3b6297,53
42acf797c,43
c3ddcd12d,49
e68ff576e,13
e810fbb6b,80
f51e1baf9,49
4a1d07383,73
29f4ab45c,29
2b47bed50,0
689eb9f68,49
b020fbff9,53
3daea4675,102
8965a61bc,73
57d893ed7,73
cc256396d,81
5ec08d254,73
f5a7cbd09,102
a829407c3,45
c20b4c81f,75
c54530ff1,48
68d5dc3c5,45
47f8f7372,49
6387659fd,79
c44d85f2f,67
5ca912390,12
9d9605a15,48
e59f4958d,103
7dcc4ff7e,4
52dd86f38,64
30ecc23d5,67
a78af18b7,67
40a956d5b,67
881336587,53
da176437c,94
32a1d9f65,46
91212615a,73
6021f47e4,73
b845a0f00,25
abc1d37b6,57
cf787b891,30
97dbf9d67,103
b0f5721ca,4
1b4edfea8,47
581ead9fe,74
7d1005a2c,91
754eab3b5,73
1e8c44cbe,21
8c5e0c760,13
7f5479556,13
5fab0c048,102
1dae04aa5,49
d7a9e0691,53
e955870c5,45
9e99e1332,73
62a682a26,71
1da642ca9,103
3b7c11d3e,4
7f4520e95,48
25e5d12e0,67
40ff0c11f,67
9cb5c3012,67
59d1b6146,46
8d808a07b,53
aeb67eefb,68
53cfc6586,74
48c96bd6b,49
c2c5a8cc9,7
2213dd7ad,103
8b2742145,49
7b437ba4e,9
550290aaa,13
edecaff0a,67
111388cb7,87
1b7aef8e8,103
45a842008,64
37e16acde,103
8f252ecb2,103
d6143b4d4,75
acf17fceb,4
054412f7e,55
91db7053a,67
2f90dff16,55
91b8321dd,0
1548838d2,48
0542511ad,4
8e7173502,13
84fc77fbd,103
5ac870ba2,24
3f3977d40,103
ae62dc8b0,48
c2d849108,73
bb0b9304e,102
5fff5ccb0,53
a29fae12a,29
116b7f1b1,67
d97215599,103
6d34e11fc,103
5eabca233,10
37090107a,46
034ef87a4,14
7c856ad41,43
9950111eb,67
2d0752813,49
416e24d42,13
780f371fd,79
e7292df85,4
ca82d5eb3,103
0394a004e,4
15409e0d2,87
e345afe29,73
997575057,49
abed810c6,75
2538e0716,53
48f82311a,67
b784d7a07,35
e1e7f8c61,103
a2b499115,102
774e6e2a9,48
03091fb7a,49
f85a5ee9a,103
6115fb1ac,45
3da7e8585,67
a2aa2199a,0
6b82e86e7,68
3cc7863f5,103
2d3ea8986,4
5c2b3adde,73
6557acff6,65
4fb5992b3,73
e5f6dbca4,48
0fc91f469,53
dd20b2594,62
abfe5bd86,102
083ee0c99,5
c8aa236c5,49
35cb5e3c3,49
aedab5dc5,74
49ebce8a6,0
5f0542bfc,93
9d56168f2,67
12c738d87,88
6aaaa29e5,53
1d149bccd,13
a0e86b0b1,21
2841a62a6,57
01c633ff1,74
0ac2378b9,68
50bb7de2d,4
ed127c922,49
23253eaed,68
cf95485eb,53
d4ae8d14a,49
44e4c1b98,67
eb64f3c3f,94
46ccb6bd3,67
6485b01ac,4
b5422eec0,48
b2a655d89,93
ec09668c7,103
78f6357bc,57
e5a6a39de,4
c0a83f8bf,13
d09afd3b0,49
e5ee0be59,102
eb4dbb060,91
1f2eca93a,48
7302be7da,47
ce53cea31,67
f88592f94,68
2b5f79660,67
10dee0305,73
8459de1be,50
dbeef740d,93
1a2e45581,103
2a7c1dbf3,4
4e792387e,24
c82e8a869,68
eda20ddee,103
8df7f4638,103
7504b36cf,9
50a1849f4,73
2618facbd,53
0124e277f,48
7c8c55147,102
c83f746ac,48
7530384bf,4
dc370d0dd,73
241202d64,73
1a7463151,103
14ea3ffb9,73
ce5f6dcef,73
ca96ff636,67
44a477145,53
c4c802142,49
c144ae440,103
5a68d7893,8
6cd161345,103
26b8d61ab,73
f8221646b,53
b4d954bdc,80
7dbc5a9f3,103
3dee899f2,46
2e3fc37e5,13
d97f377fe,103
410d24f09,88
3085e18eb,79
4f037af7f,49
5e802f360,102
707ccc2fb,73
c67446d52,73
358e5478e,13
301054988,74
3e4825fb2,49
5b313549c,103
744730d4a,47
bb0e5dbe4,30
d4610121f,45
6182a0538,4
1c1daa6da,46
78f5768d9,49
88d1747a0,72
0ec8c4296,48
68caf79b9,4
2d0fa50dd,25
0d0202522,13
f0b002c23,47
29bd0c56d,67
457ef8195,67
be82bd09f,103
6fcd677ac,103
81aae2d9e,102
a7046c744,53
7273b1c6e,67
007d156b7,71
a9b1f63d0,4
85934f1fd,102
8d6c7ae91,55
fb4b0daa2,67
218676c6c,90
7b9220d4c,13
c2bc296b9,102
d97675b32,0
cb297624d,67
6823dfca4,68
2e4395110,75
dc2cac36b,50
ed219c7f8,25
0cb8a264e,4
24be941cd,24
0d5f19588,53
7271d34ab,73
6ff58f465,68
5a5e8deec,14
084919197,67
408fc944b,36
f5ce3d423,73
0523c9801,24
3b39970a2,43
3271ed094,68
7fdb7247e,49
d60582d88,73
c71b3e27d,68
fd2bd5f1e,103
1c92e2b89,53
ad82b1ba6,4
9c54f2285,103
ea8dfdeb3,67
6abf7f144,67
a6dbbc248,48
854ca7f47,13
fab2df372,73
135359fe2,30
c78e06bc9,49
87b9d4bb4,67
07ce81250,57
b319ff6ce,73
7a0cfe114,49
5bc1ab931,74
99c05f8d5,56
3496823c5,4
534b7cc36,43
8e612d36a,67
2ad78f9c2,49
906121480,36
f41d18e37,49
37997c432,49
4565dbe4c,57
40bf06f20,4
0053fa6c4,103
6f2bccdac,103
91b98c869,48
87a338501,102
9aa0562f3,73
b25179fca,53
31dae2136,9
624d13949,48
a86d3684a,49
308dc8750,46
60ba7e522,62
67714a8d8,67
63de51e03,45
f437c8815,50
95a6fdac6,48
4d761f97e,71
ef0ffb5dc,62
48490759b,4
45e6036ff,53
4994522d9,53
b3d9e6b6c,4
96f729725,71
101970f4e,73
a5988f75e,48
07283a3e1,0
f97785498,13
ab99925c9,49
cb3ffeb02,86
c429543bc,73
fe737e3b1,43
2184fa6f2,67
b9231d9bd,50
f3d6a27d5,80
7bc968caf,73
9a2fc15d3,49
795083f79,103
6a881ec8b,72
00f9d0e97,43
71a787fb9,49
5cd55d54a,0
35bb514f0,103
ca9f22cc1,68
a2f66236c,102
05a32258d,67
02e2f1ca6,102
5940f63c4,49
c615baaa2,50
bea75c9d9,68
45271b9c5,103
7f7c6d039,47
ac7c6ce37,76
4955fcb53,73
3dba2c4ed,13
adca067b9,48
664e5c977,73
f2d476916,45
5b45e7a4c,13
0df8316cc,4
c1c4b2105,48
778c53136,79
d4ac640c0,7
5a0aa798c,53
60c40b083,4
494e86d83,24
d3be0d35d,49
f616c93fb,48
d9111ad4b,75
d5628d4df,67
6ab138316,4
d90cad151,103
1d8f28be5,103
e96b3436b,24
bca706d7b,45
d9a8f22b3,49
68b41d014,67
5a33b53eb,49
d4f750507,74
bf679c82f,13
c9e27d0e3,4
e1bcbc106,89
14a69e3ad,67
cdedc9d47,48
75eca83b3,0
4d14ae692,48
667c3c161,102
40ebc99bd,103
f0efb6c04,49
f95b41656,48
a84815a9f,91
8c434769b,0
654ee7e46,88
edad0d3ee,67
839922a66,53
8507d1b5e,68
4c4c216fb,49
a0b262e40,73
374c54182,49
26c144947,49
e7571886a,4
5c1b0f7ce,4
746f3dd2b,49
5de25f69a,67
d814f470b,46
1f7554862,102
2fc266682,13
ca1cef6bb,67
4ac812558,49
4bd6a1f9a,103
fb2b2e956,21
ecf4c1f5a,68
6c269a2b9,67
df88a9d81,102
b64ae4e8c,67
7a5dfb158,102
00856dfa9,0
e60d19647,59
b2684281f,14
6c9aa2460,103
f0a66df4c,103
7d6a2ef07,103
2178a407e,73
0cea1df9c,75
3987e3d8c,73
5a80d4beb,80
5a00bf031,29
377c89e04,29
a6e627c10,4
eed32e9a6,48
903ae9a2b,82
9ba782fba,48
967c6bf80,4
653ee9b0b,4
8a48a97f2,4
4dde25dfa,7
73f18defc,103
36a261537,9
e5bc365d0,53
89f46bec2,49
7b566ed00,68
8cc1fc2f6,86
69e822cce,53
4078e0b39,67
9e9f2f914,103
6b132a6ca,48
2772dab8f,103
4948e3ecd,49
d16d34784,67
14453eb64,46
f0c153cfd,73
b33fe8ed7,4
9732ad4dc,102
347c449c8,73
e722a8f86,93
6cbca5559,73
3cbacf373,103
38331a6e7,0
9ce1a30b6,49
1b54ef9a0,103
bbc846996,46
398744450,73
dbff359cb,67
f2809517f,102
4b4d2a0b9,72
768bf1fe7,103
1fe3921d9,103
65d14bd99,103
9faca65ce,49
20e16a0b1,67
4f49753d3,103
7be2867e1,50
2b7cf3253,14
7247cc6b3,68
1cb8e917f,103
ae6e725ee,102
648d6e1c9,49
c36c6ab5a,67
58ede4d43,53
3b59b7879,78
65d4e9994,103
5ba637a6f,73
2c4213574,24
0510cce3f,103
6ab2a7198,5
e41a75354,94
d83b8cc1f,4
eb09ff6cb,48
55b323b0c,49
1b4beb2ee,4
861f2c9c1,4
da2d31c98,4
4dfdf7a8c,57
3d7e6922e,43
e94327a54,73
b137658ab,4
0f25f79f8,67
e3beb7e77,53
15ec03f5e,102
2cf137648,67
4a5d43a96,9
473db5fc1,102
e1d159561,73
0d7c08885,48
0087eeefc,45
4fd8099de,53
eda9f61b8,0
f3a75828c,57
c1ed4ef6e,103
706729fd6,73
15ca2c59d,0
ed91bd814,48
ed601a04f,4
bd612f053,4
649dd8ff0,47
7a6ba7fc8,48
a68584f39,0
707178bf0,74
808071b96,93
5b646246a,79
298cf5bb5,48
d123bd691,36
cb26ab8e1,73
fe75697b0,103
dc0f9b59d,49
a40c5b66d,53
c1c26f4ec,53
a7eb19305,43
9caf3507d,49
0bc95b595,4
f557afe91,80
20563ebbc,67
7b7cce651,4
1fa3035ed,73
840f3bd46,74
9c1fca4fe,68
35aa8898b,103
973172c57,73
0d0b4631c,30
0a825b67a,49
f40dffb83,65
d55497abb,103
8c7c3dbb2,48
cac4474ff,24
edc3e9332,0
f98f94bac,103
9de211ea5,9
30d9b6204,102
74c97189e,102
1beb08caf,103
0b1605a22,14
cb4330abd,48
6baede1f3,93
a1e81894c,67
a853842c0,57
2acaabdf6,4
6f50f7647,102
98320c076,67
582dd5eb1,73
d0bd30dd2,103
dfd66382a,75
268c2e415,0
3655fe917,55
8a904fdea,103
39090147b,46
bc62cedd8,14
aff590876,47
8eff39ec2,4
39c56af7c,62
b796fe951,49
c8ff3649a,0
f68529efb,4
a6105941f,4
52178db26,93
487fc089f,87
74cb419cb,49
35faa30eb,46
f2a97a3bf,67
88f935ebe,80
d5e4303b9,49
ca875ed6d,4
1344e985d,53
89085d10b,102
165ca8a81,59
74c86dc94,91
027ff9d9e,103
3a456593e,94
467a87b6e,103
aa6a116bf,14
6d00d0707,103
8735b4ed7,49
e15365337,48
0de5f6578,43
661e5ee1c,48
8d4ecada4,43
6d75535dd,49
5aeca7ba2,73
87ad47626,49
946f97527,103
1ac744f9f,49
c511b01f1,48
e2ef28251,75
3b6e2c5c2,67
b41fe0aae,50
d2dc27a1c,72
e8a5b6337,103
8fc8e6925,94
40c67cca4,14
c16dd6692,71
90db97153,103
aec05dfaf,67
0f58c281a,53
c36b30d62,49
0a5f90dd1,68
f8d2fe6e2,62
48b580700,67
a8c934e35,4
41eb38ad4,59
b5ac11272,45
b1fd7a2a2,62
c39bb3b9f,47
339153138,53
5bd9a3483,60
0fd1b5059,67
8f029f975,67
b507ebc7c,88
92025e489,49
3088361cd,53
6aa4095a3,59
40daf3243,103
9360afb8b,24
1749a6a95,103
6201345ad,53
3e7922328,67
1e91a06c4,53
dd7f0f72d,86
b4f324422,4
bbce1172c,103
ae2864464,88
e0f242a92,29
2e36d4f93,49
100c6474a,43
350c32674,59
e9a190503,73
0f340c3cf,73
83a004123,103
b7ff1634e,53
c2a78ef27,49
ce7f9e0a0,75
c63f5d38c,48
5a4014213,45
832bbc430,103
ba9e2d304,47
61d566521,47
e1f45be9f,14
501396f2e,53
b4eb26098,68
e4e16eb70,103
bce37c882,103
79bf0f076,74
23b33fd15,4
967133383,48
9c477d377,75
1c8c53577,0
aeb2bab6c,0
54454ed83,43
976379adf,4
0210ba20b,49
9eea9316b,67
1aebb60d1,49
93f493575,48
5ff71b40e,103
7c1a6e1f0,73
c3ecbced7,47
719aed16d,103
f458034d1,102
7775f87f5,103
3bfb94587,94
8924dae8a,7
973cdaffe,102
ab8add1c1,73
ddbf2eac2,55
16e7f18d3,73
cfe74bfdf,68
7d7b3950b,25
cbbe148a1,93
34baaa6cb,5
49f2ca2d6,13
ac114952e,73
29d87bc0c,102
509741eb1,67
a77db045e,67
455c7b67d,74
605131c3a,49
67810173a,67
4f756f230,49
d8ca58a4c,36
82dd63dbb,103
f1b4ba5bf,49
ff02d53d8,73
2a98afbbb,94
f314ed416,0
829bcc49e,91
8b2940362,67
5b69d3121,73
50fe6ebcd,68
a810efddc,45
7d5a95675,73
c323bee87,75
08a7d77fa,25
16810b3aa,103
6143c21f2,73
c18fddc3d,68
d445b47b7,67
e6171fa85,64
d34ac237a,65
ee705e49b,103
a97f64861,102
155c1e966,48
3ca06eba6,68
7bed881d2,29
0ac5ebf0e,49
37fdec841,4
df4ae0415,67
c9dcff9ef,103
fc4486b5e,103
bc83dd474,103
8253629c8,49
657a4ea19,49
4500b8a44,49
5134a2245,103
d8136729e,77
8a428ab24,57
8899c2050,4
5ab25460a,47
d779dbe77,47
23ee9f44b,49
98de1be5f,4
f3c88b910,68
a6ff6f81a,53
266776fdd,53
5629fc992,73
8c0995d82,53
d0989eec5,4
89e7620ff,49
7f9351c2d,53
401730197,67
af6ccfeca,50
3a49d5a25,103
4ddf168de,12
7046567c4,103
517ed388b,67
25a24e8b6,67
d31117d38,4
f94013d99,80
8e07336d7,49
1474acef0,73
5c5a534e3,29
9881c6363,48
53cc94634,0
2080c5234,94
2623d36fe,67
641ae8aa0,68
656c8e1a0,68
f4db33d12,49
d0ee253f0,67
2313d0e1c,53
600693e8f,29
39f2c9f4a,103
906ed5d8d,73
bdccd8d94,53
18b1c8787,29
f6f80e6cd,25
5d4d774bb,49
7bfaa6c93,30
7af25ae57,102
0d5832dd0,46
8b4b27e9e,48
ba2d603c3,73
a9eaae137,9
696a13525,53
dcf4672c6,4
46ef787fb,73
c548502c7,67
232ad11f4,103
ae2b1bed4,75
ccc54a4f5,53
4415b68f2,48
16f9971d1,48
56bb538b2,82
ee83eaa8f,73
ce434f86b,91
8fc000b1f,0
1837b91e3,87
7eb7812ba,4
b2662c86e,59
6cf44ae8e,102
48fb56f39,49
afcddfdcd,103
ddc1eacff,0
f8db20c1f,43
bd1dbe4ca,53
c6cd3ac47,75
83bb94c90,75
aa4f36f71,73
48b37a43a,4
136b3c7b2,57
015a601e3,49
54296cd42,45
1336ca52d,53
f2aefc6cf,93
4cf4ac658,73
ee41c42cc,68
99776d4df,82
eb7854187,103
3a9ac1cd1,47
551f3af3f,73
661307d74,77
39e40cdd6,4
9f5dfd81d,103
a673ada99,53
35311eba4,43
ce136eb7d,0
6016dd857,67
6aefb94a6,4
a8ba067d1,48
857250508,93
6896b5c5a,49
99263d818,56
8fa8ee1c5,67
372ad684a,75
b6203cd3a,48
efe50806b,67
d39b5658a,67
d0b1e24e9,77
143e26686,49
9d77e8b46,74
546744090,14
8260f8641,73
fd33b68d1,68
57fb229ad,67
370c2501b,47
dfb7f1e61,55
22bca0aa8,49
8872018f5,4
ac1156cb1,45
b034c82ce,80
d539aadae,73
7f8e636bd,49
89bce4769,50
e635de77c,4
ad153ca7d,67
bf711d50c,14
d982b80ea,0
4bbb6638f,103
7182235fe,67
db49060ae,67
5398f55f4,49
a08ff3c7d,103
6fb943b8a,103
5aab08428,67
65bd3368a,36
be953b60e,102
c61f34131,53
07184caac,53
bf85f6b58,0
f50873a8c,103
c95269a6c,48
694b396d4,103
502aa0fed,14
960fe3fd2,49
e43587721,49
c987ff810,103
06bfec1b7,4
1162b2c5f,74
053198ea7,4
01ce7d2df,86
b2a96e09a,103
a134c5401,12
5a330e7b3,93
37525f380,0
9e7060f60,73
f6610b1d4,80
5622bbc0c,74
304631d59,53
632b5d37e,67
c84ce54d5,46
009216487,48
61fab76c9,67
230b4a95d,43
4641d6c81,103
346d6fc1c,55
bda439192,55
2b1ceb24c,24
c43ae531d,4
2669b2dde,75
4ba73aa49,67
3da1159fc,71
7f5d5cb8f,49
11bc7f078,102
85312fab3,14
567e64f51,93
3ad3208cd,103
46d095eda,47
e696c6605,75
e43b134a9,59
d5b91872e,68
c964a7aa9,49
2f1f2d1d0,13
270665eaa,9
9c1ca344c,103
7db868b36,4
dc405fd04,73
5245d1288,53
95e3375ca,4
92da88798,102
8fd2c007f,14
7afcf9660,4
44d707daf,14
1ac65f43b,49
817ab4ca5,48
9a1d5df73,103
bb5a3fd92,7
924218498,53
ad62f8d41,53
b8fd3b2f7,103
e16606faf,59
beb9f80e6,103
8664c38e5,67
c80ef2e31,80
3239f2f66,36
bd4f8c863,49
a12ed8ec5,102
98bb92c1e,13
052e7f031,67
ba49d2dda,73
d1292ab63,49
eba77622f,43
6a1a8e17d,50
8e92c9811,75
f2419f856,14
e2e96c56a,48
55c59324a,49
6aa485643,4
ed0b0e088,4
e3c6e720d,14
40b3c6e51,93
4ffc57a98,0
d829aea86,49
fd704758e,4
24ca41300,45
e2c4e9c91,24
2bf04d18b,102
961163819,0
a430b437c,67
934072bf5,49
aa6a6c73d,67
945155e8b,13
ac32140ca,47
08bee6dbf,49
3665f35e2,103
75a50917b,48
9de01514f,0
d5400cc1e,57
02378eeef,102
b106e1623,73
50a98363f,4
ce824d546,4
537f040bd,103
70f9d13b9,103
33b3a9955,103
c1f89f237,13
640bd467f,68
597beba89,77
ec357f612,68
5f4162c42,103
8f2f9d451,79
6449727d1,80
1f631a7a8,55
e8226fb9c,14
07f10b39f,53
54a1667e9,67
b95364dd0,13
7edbf1ca8,50
0721c0bc0,14
51e3f656c,86
69040ec2c,48
9a9255c3d,14
e9483b3b2,93
625ea352f,49
03edb6308,71
1c88f1550,67
db04d5ac6,0
dba16733f,24
94269c190,73
9617ba69c,13
9fc9b533d,67
e70be746d,67
2c6c478d1,67
c010973b8,45
bea291a1b,67
0556575d8,29
b09f6318c,76
46017b3ea,67
88d492231,68
9e7a1bca6,53
f18412796,0
d14901985,4
f99cc22d6,0
3b58e0b0b,14
7c23c9246,53
5eb03fbd3,67
019df649f,68
cffa0410e,53
ba635bb61,67
57ff5b255,103
7fcbcdc02,45
8d1bc9b54,67
d228d4fca,103
abe2e74a6,49
f9acd27a7,4
749b744a4,67
b0bde1b03,67
ef21b581b,53
e6223db31,7
2cba09f03,62
0a71ab4c3,48
fa434878b,67
9be084d41,67
69a3de639,76
2fa4ca1db,49
74bcea93f,13
077e33f0c,46
6cc34f6c3,49
8e390cb4a,29
33aacd395,47
233db9b4b,7
a2d5f3e8b,72
2c6e87c72,94
adadd8f7c,80
fc836e711,13
ea0d2354f,88
6bfc6b8f6,94
3f3280fd7,8
b631d859f,29
07803a6a2,62
61ef56738,87
536be8fe7,53
70498b302,49
355abfa16,67
b70f99706,36
1f65738b8,49
3d199ab7c,50
a0add49a2,13
22be03235,47
afe70f1d8,0
9b353319d,49
b9ba7799e,49
d12204c77,7
72d528c13,68
a9c9495ff,48
3920794fb,67
7777e7e44,53
8918114fb,74
55e0035e3,57
813ba4348,67
a9cfe91af,55
56a02070d,50
c8c7e71fb,71
7c9f01509,4
fb094c9bc,78
630773b7f,48
b605cac2f,46
311799a0e,48
a1eee5a29,72
057d2b6d4,58
cdbac498f,103
4575d8130,4
88a7e7bcc,25
9174ed35c,55
b91c00f4b,102
c96b560a3,49
147c34f21,103
9efbbd641,13
9aa3662af,86
8556f75dd,102
ab06cb3c9,73
330ca12c5,50
74ee51f2f,67
088b35ed1,67
dba8e8e9b,82
498de5a90,47
cea4d818e,73
464b2b309,49
ecaaa5ac1,49
3dff55658,75
284bb203a,53
cf9cf9368,73
94bd779c3,53
805d8722f,80
0251a7082,4
6e60eef45,67
6d61341a8,75
29f49cd83,103
b382faa85,73
5e76ba18f,48
d637980a2,46
b84a40e10,48
0b75f1f48,46
3d9c51d3d,53
a0e82c1b1,73
3cf28a050,73
8c7a3ac06,13
9067fb1fe,81
1b0a08a16,49
2c9e28482,73
226a4258e,49
a2ca3206f,48
3e1727f79,102
923e37397,67
2013e7b99,102
687997bb5,43
ffe68f250,0
d78b3b629,49
13452bf5e,53
3569ab6df,53
cdf877752,53
bfe43d44a,36
d4f431dda,78
c41a4be65,75
519f5b078,75
854453303,49
9a9c151f2,4
c779948c7,48
096e3e1fd,49
a41d29902,103
6c1a05ed1,49
8b23979a5,74
918ea59ba,102
0d48d68af,73
4cc87897b,74
0476b626a,47
3076e7608,7
0e538051c,0
ccf5f3de8,49
d02a2fd8f,4
5cdbf8228,45
856717f8b,4
9f69713aa,7
5b1353d71,48
b632c0a2e,13
121fbeff6,91
7a011cb30,103
ce6b42efc,53
adc3d214d,29
064d949d6,81
25691eb59,49
fa05f57cd,103
c2d0ff1e1,4
bf195e5c1,48
9b8345ded,0
6bc102ec4,103
6760a8b60,59
9d96a6d82,53
aa9279a0d,68
62d2aaf89,48
1b2d48186,73
42cc20908,103
3ceb3dfc0,88
033c8773d,48
ee2ee5186,73
8b7a73f76,53
662f45b2d,4
61f07f2d3,48
3dba87b2f,45
1134b4a4b,102
06c56276e,93
8ad63bcf2,103
e57ba8f31,67
e21d2982a,49
a599e44b9,0
2984c04e1,67
4b57c7aaa,102
14519334a,73
184b78ad0,67
9015e43c5,68
95f734b2e,62
5287898d3,25
ae9a70845,49
048fe3ca8,4
040684077,49
f1f288bd8,4
eaeacfabd,0
c515db368,48
80d468ca4,88
4a6513e63,49
73749e7e2,53
a334e573b,73
8d9213283,72
3a44b1b54,103
cc3b595bc,53
d59fc6634,29
8dbc94744,49
f90f6d589,103
57d3813ab,14
c080ec831,46
f441c7185,13
e9cf75605,13
6e93d8d18,49
e0f2a0864,0
7e6854001,14
30df475fe,0
1037cd266,48
dcb79c93a,53
5fa624040,67
ff37e4d13,103
491a37339,103
3232d6f56,4
981687c64,24
f229ebf45,80
80ec46d31,49
afbdbbf2b,48
71273ba15,75
53d90c2cf,103
40fe28512,10
a3c091760,57
8d2997526,73
20be2b5b5,55
6ecd0b17f,47
9c8dc2ba1,9
352a2c45f,73
64c056f47,49
fc7362a16,67
e8978b192,0
5681077fa,14
ef40d788a,68
1461713ad,103
7f5e3f4d8,74
43ac410fd,103
b260d939d,47
e394b0931,76
8b01cbd62,13
5184d47b8,49
8e90cbc5e,103
058cebd78,49
6c925a18a,46
a0f7fea74,64
a2b22b6cf,73
40233a112,46
256e89fc6,0
dfb75caba,7
18c42b6b8,4
3b0daf5b9,103
82f95de55,13
d1b3aaf63,102
67b0d01ea,49
1fb1edaca,4
c2a609ae7,103
25e91d523,4
9989acdc6,102
e1da2a9a7,12
fc2199013,80
7894b3f5a,64
6a8de3c09,73
6463c47d1,53
a8ec16428,102
acaf761d0,73
8fb591dd9,25
fd33eec2e,48
801b2e0b5,4
3625c81e9,67
301315f25,103
68a81ce4f,18
2c2ffb258,77
5826bc1ee,103
71149a63d,13
841a4bd7b,48
75b41a741,73
48c00c048,70
a0301d0e5,68
cf1fb187a,67
0feb4e2ef,73
6229791d1,4
d495d29df,45
6025abd59,73
357b3b1d3,88
2545ad929,103
405bb5363,103
a2b4482dc,25
da4c0be52,48
02434c828,49
515ccfe7d,103
464b3976a,80
8960bdc5f,82
1711fd57d,103
57b90f0d7,76
e0a576d7f,74
4ca32d7d8,68
77a6613b2,103
5c9aadf3b,46
35b66a46d,76
59b2a320d,67
6c3ecb861,14
bdbec7ef5,4
3be948614,53
5dcad39ff,49
34c4cf37e,35
be75bee29,103
f6e02f90d,9
d56f1eaf5,4
abddbf3d0,4
f9096c83a,103
d1a2458d7,67
f1641e325,49
5d796ff7a,103
21191d2da,73
66df2d548,67
a46582e86,8
dafe76eea,50
0dce2cb5c,48
2dc55fb57,4
8b7fbfa1a,0
b882b8bd8,71
a29695033,48
a62dba9de,103
760a844a4,9
97947bb82,53
8fa62ef13,103
26ee00728,0
856a55f6b,103
c72964068,73
6d0419afe,102
e6e68b7da,14
cd503942f,55
38b394064,49
fac66356f,80
6b3c00c84,78
2103e7549,90
eb66fce7b,53
b74047d71,87
147d79f8a,4
5285b9c84,103
adbd3dcf6,67
49c1a8313,73
64dba18d7,0
5675c2ee7,103
2690d9568,47
5608c05be,67
11cd8f57a,73
dd8b1aaca,80
bea8158b9,72
465605e5b,103
be75d9856,4
8bb630662,53
c28a33596,88
9bb756baf,103
0bdbc4859,48
5382ac6d9,53
e12b35292,73
232a50a3a,73
56697962e,14
a0dbd84e8,103
d96c3a358,102
52c27c7e0,93
fd25ed5d2,50
6cc8bfcf1,67
871699e5b,49
12b630964,13
47611c7b0,47
ea86d7b46,36
5e01e9489,9
1151a0d22,47
daa767533,55
2939aa5df,73
6e045ef23,75
84412137d,53
6a6689958,47
9eeefb070,36
bcad89a07,4
145628804,46
683e58330,53
22c98bd18,49
f1b2738d0,73
f6dfa3eaa,67
118a60f12,87
a74852f37,67
931e94184,47
8d0b21b05,4
f39ff7ba2,13
af669d8e8,68
6f25bec48,71
a0ebf07d0,36
a8338c626,67
42ec55913,55
d28fc9f29,103
6386c2d78,103
dbb2bf69b,73
96e4b2ef0,73
c9efb9d66,49
d17630e6e,48
1cdfd8172,48
2e0bc183b,55
010c5d8fa,47
d1edcd33e,53
f21ab1aa2,4
691acc46f,49
0e675095e,48
a19239dbe,4
99f271a51,73
4f5a0a2a6,67
49f22c2e5,53
6a1072588,103
fb93c4c46,67
d70ee220d,103
9ff246fe6,102
ca256fab6,68
67556ec2a,49
dd103a297,49
34c97f64c,75
967f27ca5,91
1d762bf2b,4
8bc85ca8d,30
f37a76430,30
911ecfaec,49
505472dd2,48
31f2e5155,86
3294f5eb0,24
0be920d76,29
bfdd4162d,48
c06c7ca88,49
55a7e02a2,67
e82201f68,53
8faa5deef,103
7fc947bde,53
a23d903c3,67
bdb951b2e,49
07b2feecb,76
14057210c,49
622301a2e,4
af511f5d0,103
08770c1d1,53
b5f49135b,4
58c90fc33,62
77aa8505f,0
676bac625,48
33332272e,73
08710eaac,49
6569b16eb,93
68596af51,14
bbd3eba7d,4
be7a473f4,102
4efdca978,75
cfe6b80bf,13
24c202e61,45
49601a7ba,48
fec748ff7,49
2b3d7a7da,14
2d64f0901,53
de06ff6f7,73
eb83e32a8,86
9a3fa2c38,71
3b7f6b220,103
28b08d407,49
563ee45dc,73
bd8830a6d,90
9d0d80d6d,4
09c2d54ec,13
fbfb8db0b,4
7cd4cc27f,24
56f31776d,67
1aefb1a74,4
e8bf3b5ec,102
837a91c2e,47
df17daf47,91
89fb3d0d3,71
8e8259669,53
bead374cb,57
c74e100ff,48
dac6805a7,49
8a4c6a3e0,49
2f4a6e151,47
341b65192,86
a85e27a09,67
a1dfe6e17,4
a564e4f51,30
e3b70ca71,72
166cc9d99,49
39e2183ff,81
8a6ff36a7,57
7668e5204,103
95ca52d65,53
4232febfa,49
52189b48a,49
6fed43511,67
6b8f11ae1,49
278e6c9fc,75
ebf692344,0
41716e097,49
8198687fe,102
51eb14267,4
bb4688502,62
ba782cc48,9
41dddedd7,53
92d062d8d,36
9cf28dce1,103
706aa9df2,53
22915105d,74
976e6375e,73
dbc26a259,67
16b341509,73
f0f900bec,29
82aa265b0,53
1a5b47e16,4
1cccba04f,46
5155022aa,88
44ad68c26,4
7a660b9f6,14
378c2a70e,49
ad82ed1ea,65
bed5ebc31,103
f05946c39,4
a855179f9,21
c25b13b1d,4
ad7707082,48
8e298b272,87
79423d8e8,46
8df2a19b0,53
4afa6c98e,49
da5d0dbcc,55
532c117fc,74
0be81ab06,73
704dfd7e8,68
25d63647b,47
a3d0a07a8,80
26844c8f3,77
fcc54c894,73
2858fae7c,49
10e3859fc,24
63c3945db,73
151cd8478,0
fca2f698a,67
939f715cf,49
a94695f27,13
030364f27,48
e416c112a,49
ebc1583ce,49
52eae9528,87
f9731b808,67
2bed40346,103
65f299d4d,103
45c144250,75
d2e37916f,4
664bad216,4
d47eedb46,91
2d40a8e47,71
083109f62,68
6cd33c3ac,4
4d5836f7d,103
0543d5d92,4
5e84a449b,4
9a411636d,67
721301e6b,67
6f229cb58,4
83f820e61,67
c563c699e,73
d9eedd469,48
30b4b7aea,4
a4513ca36,67
873590360,75
9fc4a402d,70
c7cdff2f2,73
3ffde4543,80
07718a208,73
5172a3da6,0
afdba6c0f,49
9cd366371,48
88d3afe93,53
9856ba8b9,67
7a538b99e,24
29fd845c1,0
abd018788,36
3a6847333,73
c1573a6be,53
0395f93d8,50
07e4f36cd,94
0c295f0fe,67
0c76a33ad,103
950c30887,67
e046fb456,4
e0bf00d7a,67
a388602fe,53
3474e728f,57
8005ccb52,74
dc680460e,55
1fadcbda5,68
21c3d4a53,71
1d6fbd789,47
a7d70c4de,67
dd14b70c4,70
a6ef2c9ab,49
5ea36cf54,36
4fe029378,7
f0bdd22d9,71
495e8216f,73
8012c6779,103
df5392f38,103
aa2b95145,103
ddc839a0f,0
997262689,48
5193214a6,48
d56664e9d,74
c50fdc486,0
cd29fcb6b,72
f3c3215ff,62
94a240084,50
c0825b4f8,74
ad74613c8,68
05d03cdb2,103
e4c0f1e32,103
9f905ae2b,49
7d32579d5,4
3ee4afec0,50
93f0dd7cc,4
be30d241b,67
0ea779a14,74
0c6b189f3,67
669487461,82
57f693d04,48
f2cfe18dd,103
3a3274d90,48
5b1f12738,71
946ef4894,67
6ea2b0e7d,67
e1adf9362,102
d4362cb73,103
eb0f37d39,103
3f4d7610c,73
d36d163c8,102
1507fc4a8,53
537f3aa34,86
869035e2d,103
5e7372874,67
a2e477d6f,102
4d7e7b6cd,76
5bc1503a0,73
2451960a2,50
ce2745e96,91
c3af619d3,0
c4c67ba42,0
38bc8b746,4
21608cb5b,14
e788cdf9b,103
656ea8ca7,53
6c0edcf33,67
b601d9f8e,13
82a37e873,29
08302b7a3,67
0a38b5a6f,103
1081dc395,49
21a5f41f7,4
003b89961,49
8427d213c,75
ca865c4b0,88
8592e5ece,80
55603d86c,48
a53fc71a1,14
55683854c,57
e830a4d93,102
52232fe3f,49
760ce7b43,94
17c2e1b73,67
031a7c19c,49
5607b2020,73
658b73453,49
2b07811fb,67
2586669bc,48
964412965,67
1fc614660,47
2da61d102,49
f99c51769,53
04ec1f692,67
2b9d54083,36
79cb3514c,73
691ff0015,73
577136af2,46
8801493cb,73
c87bbe155,13
1218dabe7,103
684a48f58,103
4c79f68f0,74
228540138,43
95ab27ba4,67
26444f504,4
efdc65d2f,0
b32d80296,73
90bd4a9cf,67
4fc55f7bb,88
c9c4ad186,73
dc4a5c985,53
789e8506b,76
c01254e45,93
709d4aaac,53
0963e2956,24
a016dd653,49
7723a9059,70
938b2ff4f,103
4d8257f18,103
e7638c0a5,0
0b027c740,29
42fbaf02d,73
495523f05,93
46d056d14,67
ad0d1c07b,93
e8add9fd5,47
14fe67e77,9
36112c4bd,4
8ad5daf80,103
74ecc535b,102
3e3942656,13
2575123f6,0
a4c653f29,46
76f661311,53
26f14822a,102
3d087513e,0
bcbc0ec93,67
64a087667,80
70d37d23f,48
b8a90ad87,53
b2d223ece,103
5e35708ec,49
fd6b80e18,53
10101e982,67
b72fe5b8d,94
e690ff8ae,4
383ce35cc,49
96d8b0c1d,67
ec7f6d106,102
757866231,47
7790e656a,79
65a3a7b6d,73
a3d0ecd9e,73
e8a1d04f0,103
b0b810f90,49
35b89eb8c,49
4c613566a,93
ad60c3571,49
ed0204f22,47
ea755b7f6,86
e9a53e9fa,81
c7cd71880,103
a8e6d30e2,4
5dac2f949,14
aae8b6cb7,73
0281e01e3,9
ebe718ae0,48
56cafc1c8,47
f281ef28e,73
f5a3fd7b5,75
abb27a80c,103
738af3f29,67
b80e5bddf,67
11e3afa83,103
e4bd15b11,74
09cec0e8a,45
91275fda4,73
ff2ebb52f,77
467d1a4a4,0
18d6844a0,49
98038f676,67
4b2c0659e,68
7d0e16879,4
a11aaec4d,73
54419838d,53
53f2f97d2,75
16c791a6f,73
f0f2f3e0b,4
3b6e604d2,67
af3c7a24b,29
6c2ce6d90,48
a3a17500a,14
79f689862,4
0134f018d,48
8f7dafef1,103
597ea383e,49
5d171dcf7,102
aeb6e32ab,103
9123fc9c8,67
ea36e1b93,67
7cc00d3bf,67
f21bd29f5,4
85d30d942,13
131ea4f52,49
2bb868394,45
fb6d4648a,67
6dc1a03ed,55
7a9de4b35,67
4a30cdae9,0
02055dd80,67
45610320d,7
9d38f1232,80
202eabfc4,13
1e0d2fb87,59
914b0e71b,0
88621ac35,103
075d6bb86,73
23a5ec48b,73
b30ac7015,4
64213e873,0
847402c34,103
ff67d505e,67
e83500196,4
aa32d1bac,67
24d5596ef,103
2daf558c1,68
74d672d39,43
9304e605c,4
2cc73c0c9,67
a2e59aee8,14
6a9dcc24b,75
8e2bff6c6,48
a0bdfb2d3,93
fcebd07c5,4
e9471b958,76
18ed42876,91
0c8abe310,49
341eee5b2,4
218e61006,73
b45121ff1,48
5ea428031,102
991b607de,80
f9de43fb7,46
0d6befa42,49
3919d8ac5,56
6e4e60f69,67
ca1095668,53
19b046852,4
9cd6277d4,102
6e979324c,4
fb532209f,46
693fd2ef4,13
5e003d916,87
5ac5273a9,103
a1b4dc452,102
06a271f97,13
baa4deee5,67
920247fd4,4
486248544,0
e56916c4c,49
eaa8b622b,49
37b17ad81,48
6c14532cd,4
f0da19dfd,43
2bd2ebfa9,103
23d5c512f,53
0b061eae3,67
34d222c51,75
0a8a36c25,73
e60d33c82,49
b545ede10,74
071eaaad4,90
fac4230e7,73
85b7e1897,103
6820bdfb3,67
a9855f136,4
4c91c2a8a,49
25004084c,67
eb71bcdf2,47
c86cce658,103
4698789b6,4
7f19952d4,64
4c6264df6,80
33ee9899d,67
d9268cb57,71
ca1d1d65c,49
22a46a27e,43
fc13d942e,67
6ef0b83d0,48
48faecd45,82
dbb703916,5
d2cd8b9fe,4
9f3fabc70,53
5e166be69,73
5f1a08959,67
31ee17f77,49
82316b58b,45
3dd4e386e,8
fcd2cb7e0,49
ab3bcad5b,48
ff2804289,103
a21f6d452,47
db09a299b,53
323884b26,73
cfc106ac3,67
f26f199fb,0
2a0a2ea23,103
139aad8b2,73
c2b3daa2a,25
623b64d19,49
6d48de3df,49
c0e7198e2,45
654504abb,67
abac36cc0,13
7e3369c19,48
67dbffd24,47
465fca558,87
1289609e3,102
1cd461407,49
51d113f3a,103
2c7ce5049,49
9e7925f1b,49
1ef426390,4
618ded9bc,102
63e2e3e4f,103
becdc1364,73
ac8d33b0e,103
cb3ba4df2,74
ed087f460,87
48526fccb,53
a859410aa,73
99617ebe0,103
298ade3a4,14
8361401fa,62
3522d5b4e,103
aaa580243,73
d907ca7c0,93
541c4d41e,53
a98328317,14
0c79ae44d,102
d4ab201b8,73
ffd3661d4,73
e0098a158,103
9fe27bb58,67
ed308c95d,71
9704969a7,4
0ae82a090,103
c1f18cb5d,49
035f7cb0e,49
0cfc11aec,49
73a3ae7ee,47
01cf43e0a,68
38cf8682d,4
333beeeb9,48
410639882,71
04a7a4f50,53
117aabfd8,94
9fc75b12b,13
5b87d8d4b,43
5b0a35493,73
2b5d0e5c2,49
3b66e2c2a,49
885f2eac5,86
83714b580,53
b7a8c231f,49
a51b01392,73
f4cd5efa6,48
aa070417f,49
f42d2d722,47
0120d37e5,103
42b0abd95,48
a256f13ff,67
d69a2d62b,53
8899f1bd1,103
73092f468,4
bd8139bb7,13
0d27bbb79,45
5002bff77,0
401b6e0c9,14
87020b1ce,102
099a2107d,64
7b825842e,53
473c84ae9,13
b61f62d90,53
9924275c7,48
3a1c2ac95,55
d9aa13213,93
710a380e2,68
97a7c1e5b,74
72e6235c1,48
8756842ba,93
92c33e670,67
bf54b2c66,4
1c4bdac93,13
41f6cf7e1,48
8d5494b6f,53
89c87633a,67
28f90d5f0,88
b1041fc0d,94
32b46db46,93
b51c9863e,55
760068096,4
6c6ba5d80,75
1a96992d9,67
03c9840a9,43
19e95658b,0
2b347b559,57
28fa2b3c8,12
a8a8b4261,74
50ee680eb,67
33f20f40b,4
369693f04,48
65d1f9b28,69
11b0ea314,12
45c6bef70,73
c099603ac,14
359625cf3,48
a19256173,49
c251cfdb5,67
b9b1f27a7,103
05a947c38,65
36c344ab5,14
c2915a59d,49
5413350ec,67
fb56bcd7d,73
22eaa8132,49
9c2f4d9ba,68
282dca22f,49
39e216b40,67
2b782bb3f,79
58c271df1,103
6cadad337,49
c4081a31e,103
6939eb499,13
4c1b8a5c3,68
13fdfe24d,75
20b97d483,74
400b2bbda,49
62ea468a3,4
7de7343c3,65
4de97f685,59
edbf64b0b,73
6e3c0fddd,49
0679c1097,75
0a9e05e74,71
e40a71ec4,103
0e0caa0a2,4
653443f38,0
36f02d6c2,77
a97dcebf1,4
ad9a77e7d,64
0e9e5a0f0,4
35946cce9,103
d5bb1b0c8,93
9e3425ede,4
896467495,70
38fdf8c81,80
4250ed062,88
e8c49e13f,57
57f357144,93
3052916cc,73
57c754d1c,45
e8612373e,49
fb9520cef,93
b022bab0f,73
386e40044,47
58ff8f465,49
a8740586a,4
202a8996e,18
a8331323f,24
d9f3637bf,103
20a48922b,47
e2cb25f6e,13
754cd2605,49
41beb5c12,45
f0ca69363,88
485a5ca01,56
f3e315051,46
e0c7c20d8,45
d6a1ca6e7,67
6291210cd,0
6bcb5a502,102
13330e605,55
e00aa2535,0
26a9dc162,67
82df3c1b6,45
206b27d1a,13
dbe581aa8,24
e3e51f37a,4
4cbdaf60c,80
97f545d6b,49
09ddc01cb,103
21b24a7fd,73
7fd945d34,14
600bcfc2b,68
f7f17ae72,103
abd425a9c,59
5a543e058,49
299e1957c,48
78d30a479,103
d53eb8a52,4
5762da038,102
c9c069119,50
624d36ae0,48
72b3fdfe8,75
7d2cabb96,0
8f215711b,103
377b22380,13
777ef8066,68
8523c7858,4
f29fbbe61,73
e826a5f20,73
bd9cf6b4e,74
6d789c449,68
a80f444a2,68
f90aea0fd,103
fb8d27d87,80
17ec6d74f,88
e1177c121,53
715ed2e29,48
c9cb86f46,21
4fd5cd91f,13
657464c72,103
2688859c7,49
df5a78c3d,103
08a1c14db,73
56f6e9dca,67
4df899e46,55
3149540a2,73
b4405e586,67
264d83a6c,4
977a23c97,57
274009fa1,73
319a4d6d7,49
9a302252a,94
a038cdfb1,103
45162353e,75
2d611a037,103
6b227f122,103
e774787e4,57
58a01b39d,103
5b3739564,48
d2b357573,73
723403f38,49
cab155898,88
98ecbe0b3,4
4e6d9fad8,73
535695fe2,62
f9618eb56,30
497a53f79,103
6a414839c,53
2f0b8155a,103
042c90107,74
62a410cbb,67
6f4179bbe,79
74bb3e711,45
93100914a,4
161a7d556,29
9dcdd11ed,75
14ad22971,29
1c435d13c,4
f2586d647,67
57cd097ae,53
956392eb6,82
60a51b6b7,47
a622a8c05,73
98dba17d5,71
360538bb1,87
42ce82871,48
7a90903de,73
049402ee8,5
c49cb046d,73
1951c5fbe,4
337c0f7d7,103
7457a241f,62
c3c4ea291,9
08516fa85,48
05e218a53,94
2b95366a8,0
a4541b8d1,103
f41acf49a,94
62822763a,67
9debacefe,73
e0b80caf4,102
b840c68bc,67
1c4a00029,62
05c9fcf03,53
ee2886544,53
bd2e8c9b0,103
92e7e630f,49
700fe6ff1,103
d0570b30f,46
71aafc964,53
4fe65e8ba,49
470697d01,49
2d8c06a3a,0
2861b1d79,46
30e9b5b6a,102
bce577229,36
ce06ee7c4,73
b63ea2bf3,73
358530103,67
577a972a4,67
6f845c04e,4
a3d606459,49
cac40db60,103
940485a6a,103
2c69b633a,49
c33ac1a9e,4
a0faa7276,49
905ed2774,103
e3ce14f38,48
26bfb56fa,53
87de4333d,53
9804741b6,53
d0bb3317d,36
5745b1abc,4
a9c8ee568,67
5536e05ee,90
0de25d05e,73
9e31cbe3b,4
2461915f8,102
0551c57d5,53
3c87fdc0f,53
05ad9d40c,4
c164f8571,73
c27d7bff9,55
3eee745a9,49
4cb8ab033,103
77a43b493,14
288510b49,73
28bab70cd,94
86f4d84a8,30
d325e5d76,14
d185711fc,49
10950efeb,67
69239f8e7,13
5b8f09d2d,14
45c11697c,43
a473f26bc,4
46656822b,49
124e119b4,13
c2300272e,103
d37745aae,45
4daec49fc,103
7dce481dd,0
1b6242f80,67
bd6862590,47
49f972c08,74
4d0ffe92c,67
757541c30,68
a6c8a28d6,67
123a13515,67
4925bf95f,62
270611007,57
4b648670f,49
afe1e4f66,57
b8bc9b3b2,73
a22110e6d,49
d1993c898,67
39e73d88c,50
98033c300,103
776fe6e63,80
f6820c410,93
30e68f7e7,73
8988c222e,29
e32696dd7,49
68b3481c2,80
345f66bc8,13
aca9ab734,103
8c6fd0ec8,102
fc8af9bd9,30
b0c7165ba,73
6d984df89,14
207684fb9,67
894954440,94
720920606,103
472c84cce,13
6a63a8764,102
d94097494,73
33096a299,4
321437b6c,103
42b92a427,74
ff5892e0a,91
4383d6782,48
c7b1fd88a,73
396d20b5d,0
5d3cac88b,75
f353716f8,103
d2277f8e6,4
059ea5059,12
288d4365e,48
bc8917394,48
282419eda,67
9a513b251,36
7b1267e49,102
cd053695f,50
3505d54bf,49
f421c6ffc,93
a1cce28af,49
132ebe116,0
0a73725b6,48
f096291b7,67
3224015a6,67
8afe59d10,53
5b1892dfb,73
0e6cad3b3,47
5771f876a,49
fb223c3be,73
1984a614c,93
dbff9bca9,80
fd34d7c8b,0
3f315b0cc,103
3db6ed179,0
1f3e62b48,86
d169dad5d,87
de882d4e8,4
9824cd034,48
1394e9ef2,103
150643baf,67
7d9caf815,0
cefe64b4f,0
e9564dc47,48
fa53d140b,74
400353bac,48
408b2d234,53
996a4ac53,49
bc199fa70,73
65ad21fda,67
22cef13f0,48
29026b0a6,25
8e1e85931,67
2c009b580,73
171d91683,68
bed5e7833,36
6009ca42c,103
8daf31854,45
486ddc6d6,4
22adafc7d,80
69dcb9a3b,47
f61465618,73
9d624affc,45
8816f311a,45
111223138,73
003882deb,67
faa0dd647,80
8b8836103,45
3469925a7,0
e8746af68,49
db65aac8a,87
abf7ceca6,4
4b8fe9f3f,48
8f9a206cd,74
1b3705cfe,75
a8b29edd7,0
fb41fa092,103
e72d6bcc9,53
d43d8c9d8,103
5d06b5c76,49
b3b55322c,49
c162978be,49
9942a5424,67
2b8f0ac5d,103
0d8d7ecde,49
ec40512de,49
eee191638,74
d8076fc39,67
ed55919e7,88
53c6c23b1,67
824eae734,70
e8993867e,49
600f01e91,93
813efb8b3,103
f5c310736,0
d3ba42b8a,67
0e3f76f4b,53
c8c88493b,67
6e7b8fa3b,93
72b64a25f,30
28dd39f92,49
0b8824c7a,24
ae78a372a,48
5c8d0266e,43
d0cc62751,49
5228fb3fa,45
7223d356c,73
240e151af,67
d5c5cde4d,67
7eba030d5,74
7ae791f04,7
eaa6a3f7f,103
931cd1858,53
27e7900b8,4
6550b53ba,43
1ca8e07c2,73
33d008671,67
a167a159e,77
d9bc877f9,13
22cecb30b,4
9ec91d6b5,4
789f0394a,103
bf4c39972,67
3510270ee,73
e8636b839,49
d19fb376e,57
4a14dd513,67
ac79edae6,91
cb8786391,67
5e56f69f6,49
04e0d362e,47
a05c1a9e2,67
4d0d04ec2,103
adad9bef9,103
ef68e319a,13
a6ec0a798,53
688759258,67
f01658320,68
bc45792c0,103
4aea86d3c,9
275952360,49
6d8ba2cf9,55
0dac4246a,0
dda771b4a,49
478fd662e,13
2a9af9154,9
958e9761b,48
9fe8be4ac,50
27178e6d0,49
7db7456c8,67
eed18198c,67
b80ea5db7,47
7c3e5c00d,67
006afe0ef,91
5f22d82a2,7
cca529347,75
645e0448d,68
93efa8927,67
0208143a9,49
a235500d0,67
5e5672257,103
a425fc6a7,48
7d825a631,50
012f05d4c,67
9fab84e7c,4
bce769fa0,103
b70a1ef51,67
6fd250f15,103
db4a05f64,48
7b63ffb33,49
e6c7eecab,103
4fe780b27,0
9db76cdc8,73
a546be8e9,73
4b69e4daa,53
7ea4fd1e7,81
6e0843d38,49
22207b7e5,73
5bdd76ad6,67
7ce82e1a4,90
23f960bbc,25
2a5d624ae,67
93e1b1b57,73
4b4223c92,49
539e41e9d,67
8b4182aa1,67
be2c310d5,93
27753debd,4
92d56d30f,73
8e96d5481,82
1770a3955,4
e00cdee28,53
ddb84d9ab,46
2ce2f09d3,4
52592a2ab,49
5a5fbb94d,48
4c4a8848a,24
a6672b875,93
4e3b3b3cd,13
18e22af9d,73
ae5333fa6,70
140c059f2,102
a3fdd2210,24
334118e8f,0
c624f43f9,49
5eb156e33,0
6326ba8d9,48
8e70982a4,93
c77c99cfa,47
16c7a397f,48
d007caae7,102
79a025018,74
b9fb3d0cb,65
e958b63e2,65
657a2302f,67
67e65b379,48
8b85ecabc,94
f8eb6ec7c,73
046b83571,4
29040ce6b,0
9db94c1aa,73
423c62bbd,67
4e3f96c83,68
d39e4ad87,13
4d41db87f,67
6d2e2b6a2,4
2212d47f2,62
9f447b11f,103
2bf69c9a8,103
2bc5a1d42,67
4181451b5,95
657d7b6d3,75
5857637b3,103
a11918aa3,53
6c52831b1,67
0bd70c4ae,50
978697ad4,103
92c92500a,73
c081f5b7f,45
f6f0e3d49,53
c9e727ec7,75
007455d6a,53
3aff0dc0d,103
ba763e4ad,4
fc4e90060,4
acd61abf2,82
d08fafe17,67
2367b5056,102
4ce9bc001,62
9b3779536,48
ef26ad662,103
cf192fc6a,48
a8bf527dd,73
1157fe26d,72
761340c6d,75
e8c36457a,73
3db5a2d90,67
c7827133b,0
5ec4acbb4,67
1c5a3287d,73
d98cbb36f,94
b390e248d,93
d98e07837,80
db9c84b18,4
85aeffc62,4
cebf5375e,49
da3a23d4c,49
93e296cef,35
c3d03598b,67
fc354c0c0,48
dcab7fc67,73
a11b09e07,0
155727e57,50
35372e4f4,103
0c288213f,57
70e87c482,103
aaf781d34,49
d96704410,73
ade9181a5,49
ec53f72bb,0
0bc02eae2,67
19e44b02f,67
3ed70f179,91
2994ca253,87
30964e186,4
3c3316506,64
b96a82543,67
82a14f17f,103
80b87cc06,49
87827d39e,57
393b7dc05,69
8559d49e6,94
64327e651,49
ba9fa9f30,49
cde20b1b5,4
9aa2210df,49
1a4dc4b2f,103
dd4899180,0
2f5064517,49
b1adced44,75
771b14071,4
07be81d64,67
e9c5f7cd1,48
35e005ed6,4
e96d15acd,50
b6bc88c1f,46
38f6562a3,4
79522023e,79
19bcd7864,102
c58d1fe16,72
04da4955d,24
8b423a167,53
eda0c70e5,86
b3411ee1d,49
01f76a519,67
d3f044336,53
586868059,86
6ebdc31d7,45
4af75b596,4
8cb48a7e4,43
96b039170,86
4de9ab35b,53
36c06efe6,4
7e58b251b,67
8d9185540,73
12eb5dc94,4
e8a6ceac5,75
2f8b40852,12
70c95a76c,67
ed7123e07,102
187ba6ef0,4
925de0d45,93
2d17418c3,49
db735ff57,75
8f4a554f2,68
fe1615399,48
37885d3c0,13
b26f33224,4
67a25ece3,67
b80695478,47
0dd4bac89,103
213cea039,67
b187b258b,36
c90a12d27,7
b78fc427d,67
381bc1702,102
d8f9c9f6f,13
1e71b66ad,45
38235ae21,49
e20191edf,67
007258826,14
d376c4365,55
8da1e9ab2,73
0501292e5,49
ece8721cd,53
4bc167a81,13
9167143fd,45
114c7355e,0
61e0f377c,4
988f93442,82
bd4976820,4
29a77c458,49
69c63b4fd,75
7cb07f8df,73
8e59ed760,77
ab5f64570,4
ff264d2db,9
5acae87e6,0
ce028c60d,46
bf4bc1677,30
8dbbf9d19,49
7fccc20cd,103
c5fdb2459,49
cd88f6d4a,67
3af4c8105,103
6d233727e,49
c1c3919f0,103
00d32bef1,4
4a9f824f6,9
c3432750a,13
359c8a8bf,0
7e8b191e8,68
bfd311430,0
b1066d5b5,103
288772300,47
14e124c03,0
8e55f2268,48
a324dcaed,43
8fbcbbcb5,103
79c1a3d97,55
9f4b942ff,13
f8da03f7a,75
dc53769ad,88
5eb9825ce,29
146fc86a4,49
035e7fa21,68
30e522542,56
8eb64dc4d,73
fec3fbd0f,93
4f21ae7b6,49
4b6dff5e4,91
afa3fc6ce,70
60d83cd0c,93
4e99c537e,4
34589c202,13
f0de6586c,67
a249400b4,103
0bc95f66e,48
9b40a0513,49
e240c69a0,102
1989da31f,4
dede702d8,36
df3b6edcf,72
459ef45ac,73
957f42d35,103
79ec6e32a,49
9f392cb03,103
e25ca1054,4
9dfcbdf18,49
ae804f35b,75
539a14033,103
ed0be72ef,0
6fbdee8bb,67
79335a465,103
380c9c318,67
5b15fd082,73
638d987cd,65
3e629f05f,72
63bcdd5bd,67
4646117ab,73
6f40daa0e,13
c128b1e28,29
8212b672a,75
83302ca82,49
4c184156f,102
fee53d77a,48
b8741ea9b,73
6a3e093a7,0
80c9bb328,103
82fdce8f2,73
9b442480c,4
03333ea62,49
da00cc5f6,67
189976301,67
050bb1262,49
0b3c9e1a9,14
9b28c9ce7,74
f84be6387,47
e66879b66,13
ec68ef123,68
2d0832480,53
792982c6c,14
4bb5dba59,0
0faa6c65f,75
7d107974a,68
4ff518045,67
1432b2d26,74
59372c831,103
e68f95550,67
db53bafc8,56
d0e47da08,49
f60ba81cc,82
6b7f80246,36
77b8cd935,45
bed3cd944,74
7d58bbc35,74
7e61b7ed2,49
2ddbb0f83,48
2cf6e6419,43
04fdbddd7,48
743a39958,53
0993a96fb,45
ee23e898a,103
a7bff7fab,67
88735317f,49
72d1bf434,9
a5d301249,49
729ac5e06,13
57a59f1ae,68
c3222a379,59
3294a097e,103
08c71ca8f,67
155fda1aa,4
498c0b419,103
d23336d37,43
5a11b89db,68
26d9a1072,49
78b988645,48
dd88fcaa1,53
9a863b9ee,4
ffed2a555,65
fdc6bab48,48
6a1f788d6,103
58ffca855,50
0ed9ee6bb,67
1f411d101,68
64f0cfc26,64
8de4ec677,103
887fb3ff6,103
ec07ab0f1,73
f00ba69b7,67
aa016ddfe,4
dd33d59f9,4
111581957,9
87a37b4cd,47
58879de83,48
679f13cfe,53
4bf1812c6,67
2d54b796a,67
366fd6686,67
8a8fae985,48
57af706df,25
087d3bbf0,67
081ee9650,102
9d375712a,55
97b3e2eb1,103
8776e1949,49
fda794abb,67
6366d7061,30
4f87dd5ae,91
d14a0c9d2,4
314dd31b2,67
c85a1d564,25
2af4172c7,68
6d7138997,4
4630fb885,4
1b4a28bcb,48
0aaa84d90,0
aeefaa66b,18
547815be0,53
fb5b6c2e7,67
f69023f40,4
6a8422b82,0
dd4cb3fbf,29
9419289bd,4
b57f26c3b,49
10bd19c33,48
7eb988267,30
c1390c263,53
9cffa1c67,45
24ee77db7,48
8693ef6b1,102
2ea467d26,102
4ea0a3352,4
afa2ae498,9
cb59a4824,67
55dff9997,10
5567bcd26,49
1d8ca740a,73
7f3e45975,36
4a349dc90,103
90956475c,68
68039396c,75
31ad8f4ab,73
35c0567f1,0
7afc693b8,73
fe3642b3d,48
fa19200be,9
b7ad587a2,103
c1435ebc0,86
adacbebc1,88
8571d6622,70
25079853b,73
534764190,103
0dda08338,4
cc4399647,68
ee9242d3c,103
18ad828b7,49
ca19d9909,49
872eafd2e,0
6daf9a7d6,73
ee578c08e,103
78d30851d,48
a9cb1cf8a,75
b7a815e07,68
c63427eb2,45
1f8e21c54,49
6575f6563,49
27d271279,4
04758b7d2,13
5e6e5030a,103
e2fdce920,4
1a25cc01e,47
0aebb315e,49
8bcc6b0a2,102
5d3d71c05,14
0c076890a,67
6c8eb5daa,4
e42b8cc4b,59
807ae65c5,49
a20b98b33,49
5e2f03974,103
aab7f897d,103
0875c4f20,7
78c58095d,4
8e681fe39,68
03f8a7638,48
61d0998a4,48
cdfa5a4b8,13
d314c03fd,47
0313b9d4d,36
4746340a1,75
3f5c2bb22,103
5b3de280c,49
59c2eeeb0,53
cd6748273,74
c3a60c66b,48
95a484b75,9
f9b4d0e4a,93
dd613b9f2,103
82c3b7f7b,73
0094a72e4,4
5998b063c,68
d1196d6ef,103
627e5cd5a,74
2e8a14696,53
f7da480ea,53
ec6b3bff4,53
18414db75,47
a5a71637f,48
1d145016f,0
2957381ac,13
8e66ce122,62
0cd2a25e5,67
a05706206,9
c29915daf,67
4fc561f03,62
e0fe7e2d0,102
e60c3bf54,4
9a3f6c785,74
5cc548c43,67
e7661164a,13
7315d2e99,79
edbb2c2f5,68
e2372e47a,103
9f0f27251,102
404661213,70
9009c7887,48
651a0b6cf,68
097dde704,74
317d04297,4
0308348b8,53
025c07b54,67
a45f859f5,94
9e4e812df,88
441f60624,93
909e04f8d,67
d8749b8dc,102
625a9dbf0,73
734fc53fb,102
e1499d78e,49
6b8989275,0
eef64c945,103
eb92d9778,73
785e7d196,13
c54d38d9e,94
caa9982e3,49
392d4f5ab,103
4f6762363,103
c08671252,73
64144b5a7,48
51f607616,14
e36cefcc1,102
c548ffbe8,103
9d7baffae,4
b6eb04bf0,102
d85f2a17a,67
4fa678f28,4
465acfa7f,49
74aaa5e78,88
bd35bb1c3,102
ea41e95b3,87
e1d48d997,103
a2e48b4b8,74
5c54f01e3,80
ef8f495c8,67
0ab78aa76,48
6802325de,86
3fbe83f91,53
54dc06c7d,47
bcd277266,4
61547bf69,4
0313e231a,14
b17ebaed0,43
8876c6402,103
310f07ff4,4
3aa882bbe,103
1513105d2,48
0cc1eccf5,25
1a0d4b775,4
5255b9b6c,45
b64db46f3,67
f04b99dcf,73
57f7948f4,74
7748f8039,12
bc9873f0c,53
4b9e61e38,13
5ed355568,93
36c544e98,103
cf3bba4c2,103
7547be627,46
700cfcbd2,74
875510d5c,67
903d6d1ee,47
0aa1d9c98,48
17c8dae41,49
58f68539c,4
0f9da9757,75
d2dc32c18,49
a0ea70e97,75
3b79d913d,73
a15f2da3a,75
e283e73fc,4
9372a8558,80
8182d588d,7
2e9790332,75
ec9d1154a,50
8a81cba04,48
a51dbb7c5,4
754250691,4
f0a786428,0
48d8779bd,50
dfff0c929,67
ee053208c,55
47ac366b7,53
f9c4254e7,13
77ad23821,103
05071bc4f,103
3303a56a6,45
19a795eab,94
96b2a73ec,103
9ddb372cd,74
bca8bf0d5,103
087a71f75,49
61f237fa5,103
e0a96117b,67
cd20c00da,64
1101a003d,94
b5fd782ee,67
98cd24c97,4
6c5cbbdf4,71
aa85a14bc,102
53a05f5ad,4
8925b37f8,73
a086b2043,103
9d388b6f4,4
b2d9ede68,73
b909b96d7,73
75c1b1a9f,48
72b388c16,48
74b98cfd0,68
1f42a9439,74
51ccfb7c4,73
4347196c6,0
86afbe278,49
af8b9e043,68
6504eee67,4
57cdc3f59,102
a4a05f743,49
7e25fdd6e,29
58e9042e0,82
67b85d53e,45
d0661be31,103
bcebc0b3a,47
ab1d26187,21
ecd73311b,0
1c64ecac8,48
18fba1554,81
3d17ca258,43
36a930b87,48
200cac2fd,47
514b8d03b,80
4ec8b55c7,45
bfd8234f6,53
5e0e038e0,49
abea787cb,67
d146e8595,102
42a9682a8,24
794b67c42,4
7300f20e6,48
cf68a6af8,46
ca3dd51e6,48
b9f422445,13
1867b3487,67
caa580f63,50
2f36a9903,49
167bb4270,9
6a3ce1e4f,13
431dab6d7,73
2c8b6d457,73
14b62edb7,103
fe80ea2ff,93
ccbe77cf0,80
a8428cf05,49
37aab2807,103
085ed175a,103
fcac5a7e5,102
be9d52ef0,49
455ebacb0,82
6dfa10ee9,36
3df11cf29,49
78a777eeb,73
117551743,50
dbc79f0f4,103
9c158e3c6,4
88f8cca3a,53
a20b7d9fa,48
0be01212b,71
db63379e2,80
d8d27a914,4
103a5633a,49
6eefb96f0,57
b5253f91a,47
e95556293,30
35975d1ab,73
7600dbd87,0
3776f98a8,73
fd53118ce,73
e6b713626,4
603490d95,67
3debf4070,14
69ca9a78b,13
8d6e9cd06,67
d00342c5d,13
0b25964e1,4
5c88d781e,68
bd401fd21,4
21ea59543,55
e7d7fec7d,59
f77e765b4,14
d9cb87ad0,64
f6fe43282,88
376134aea,49
acc5f6c4f,67
556f2c5c6,49
ae05e03cd,73
f10545931,0
0b982469b,53
5f91412c9,73
6485978a5,49
891e42a88,53
c46f7eba8,67
ecadeb0a2,0
eaf6fbc84,48
cb82723d1,103
9cd8464ef,102
b46f208b1,93
0edbc1625,4
4c25aa614,13
306cd2f2b,57
2ecf2e9de,67
4a99afdbb,103
1e3e2da00,18
d4bd9703f,68
6d16c986c,4
f73820e9d,103
7bae0ab5e,76
40da3a46b,13
64a00a8a1,67
19466d61e,53
9bef7aa96,0
7d5126c94,68
c0ecf5eb5,75
ddb15721b,48
5ed174c75,4
af181a2a3,94
29d5a8bd5,103
efcc34447,48
564a0856d,45
7eb08a18d,102
5d238f402,103
9d3360932,49
4f2196c72,73
c76daa7f8,7
2395c9740,49
ae6ab4563,47
e8d0e382a,73
435326c89,103
6cf4b47c1,68
8afd1d330,49
30f515f27,67
f86503c22,67
1b0684dc7,4
b8f76869d,49
04a069392,67
b0ddbab02,45
8d6118759,102
d8f8bccc5,14
dc39aab6e,55
974d0a175,103
02d70ed11,14
4cacbf1fc,103
0713eb9a5,53
f10187efa,49
715656abf,67
e64905c2f,4
0d558f91e,67
74837e719,73
97cf2d9a6,103
269d88554,103
bee47a94b,67
8b86c4635,48
4c039d563,103
b108950de,53
6bcdb2495,103
2c2f59092,70
50749d154,68
38477b2a2,53
6d711f23b,49
4cc12b820,24
6c360b751,49
69dd8b98f,49
7dea65fa8,0
b3faa4ebc,65
5ff5a39ea,103
bfe670846,0
1c5dacd9f,48
4f7f265b5,73
b3deff050,48
baa258007,88
88728f169,86
3b6693e00,53
1a33ad4d8,56
73654808f,102
f8c41bdad,73
5d59f9a69,49
fd0121113,102
6034d93d9,102
4c5a20840,0
33ad24008,53
057cfa1b3,74
43fd926f9,74
1a6e886f2,102
63bec561a,68
919aa404b,13
3a9b30bf8,13
9e60a5b0b,103
5359b52dc,13
5bddd9a50,4
e557fab37,48
d6ded3726,73
cf86bf7e0,77
7cca3e7ec,67
7859791b2,73
0ce2742b7,53
3b60b5bae,74
3cade7849,53
6c77db7f1,103
3c22e0a0e,68
f68109bb5,0
b335b5bd7,67
44fb03a32,43
68c50e34a,68
72e6df7f4,49
5cf823995,49
b9eed2baf,87
25b6d41a2,67
d3cdb9655,102
b5e238431,14
5a078c961,79
629160ccc,67
ff0e67f2f,48
0a90e5cb9,86
50a98f706,103
664ab3455,67
35d5521e7,13
d1cfb6a0d,13
30e82e694,87
5885a2c34,49
cdd700dd9,67
afa405f0a,53
0be370901,103
c4e7f3aff,94
730cbd08f,74
6fa36a899,74
87f8091d2,49
857a39495,103
034fca563,103
e8e62aa32,49
ae4b7aec3,4
94d387cd6,53
50ae0bab4,49
5d56a12d9,73
78ceb6218,53
1b8a45d4d,68
8d9ce649d,73
6be94f8cf,80
40ded13ea,4
c8cacb55a,73
f23084f4b,36
3537c6c84,48
d81994ed2,76
b48c962e0,88
9351e7281,56
c11fb922f,74
1375fd010,73
481c58d57,74
4f5abe367,103
346182497,49
61ff4902a,103
ee6971d20,48
b9fb466af,53
66cfc023a,18
fe214efde,75
496eaacf5,103
60e283191,4
0b8333bd9,13
b364a9362,53
6bced57ba,4
e053b45c3,67
75e6b445c,24
d4e9355ef,13
2b7da32fa,45
3b66bda54,103
4abbf6ecd,4
64803f8fa,67
904f86ba0,48
adce755bc,49
5febcda99,49
811acf839,47
bf7b19901,102
0a2e4e1f8,49
8c7950b1e,67
8073355bd,103
a7df3f054,53
30da0fe81,49
95c77ab53,46
57a04f0ef,49
0afbefa46,72
805a4dfb6,72
e91e87dd4,49
5f66aedb4,102
41e36fab5,49
8deb17128,103
6ed6b136a,13
972c95932,55
8935eaabe,4
f1516a306,67
de757dbb0,48
ae8e3af92,73
4863d1e67,71
721e72651,68
991108b09,103
96a197cb1,103
1c35c04a8,53
7244c8b3b,102
84fc267ba,4
d5cd9674d,53
855c5dccd,4
2c2579451,103
01520f1c3,73
93af01df3,55
7c8007f01,73
cafd03a2f,102
a1b220f98,103
d5e054427,102
7409a08d2,102
11ce56786,29
43f34500d,4
67cb3cf97,73
5689bcc21,67
64a1bdd75,49
d66dec02b,13
dfb5140d1,13
3a19e432f,102
aa5c575fd,67
d01453352,103
132144011,73
f03697dc0,73
469301bcc,49
c590e76b2,75
f53f2f68b,103
7dd683db0,29
96c6c97f9,73
53033eeff,7
67d5e3bf5,53
62c459f66,93
7d47fa7ba,68
790eb61fb,68
cd4bca93f,48
ceaa96cd6,68
5554ae705,103
6309c0fee,53
eef5aa7f3,74
b35d89433,4
6fcfa47b3,103
1adf45393,0
e665e264d,103
5ccfc8dea,13
e0df04630,73
d82441a6e,90
a71e2481c,67
4a5172bd5,91
8bfb79995,5
786ac2686,73
d9d6e7525,71
55f00c851,73
4191c5547,47
3bd1136ef,67
7d33fa1f7,67
d5766b84a,13
ff1935c29,49
27455ebf9,4
0ea98df12,49
e611ad6ae,67
c52b1e973,88
9b608697d,47
ee58ae806,24
86dbae006,73
d7a64d386,73
a391d5adc,48
9be9e90cd,48
727d99d68,13
d8bfdb6fe,73
57c0bd843,53
1bb8d0c39,93
c92cdfeb4,49
c2e2626e4,103
7965e86c9,103
d5198c9f6,0
1f1d99593,103
09c208a92,4
f0abbb0a3,67
85d27a16a,53
e9c29b67d,48
d7b1f9c1f,103
054de124f,48
9f9578396,4
fb83a0899,87
a7b14afce,53
a98070f17,49
abd803ecf,49
cb02dfd8e,53
e7ec33080,53
75607a399,103
b078f662b,67
414fa5cce,53
b12c4cea9,4
caa1dd6ea,71
6ec67346d,73
7327abf40,50
6a2552916,49
c301cdf4a,48
8a5e8c715,24
1fb45cb2b,75
d5f6e40f7,49
18e4061dc,48
54620ca30,46
9294f2050,73
b043db93b,67
98a3b2209,53
1d9693978,57
46d8e8e19,103
d470e311a,48
876b105eb,73
900f1f50a,4
94b493650,53
ad81d29a9,48
b7063973c,48
6adc43d81,4
4884ed7c2,47
79f507d4d,13
acbe731d1,0
1a902c080,53
2406e977f,53
d5b001638,45
7ff8d6f85,48
c32f14d9e,67
e09c2b70d,48
58379dae0,75
9750fe0c2,4
eb1ac3552,4
994b891a6,53
01163c5e2,103
09bc0c309,102
cef09a713,0
719e9e88d,75
ad3eb529c,49
35e573945,73
bd049d019,53
4f4574478,103
0eb530d0d,73
94ef8e44e,13
4f14ea184,73
a44826a0e,49
c9db9600e,102
ef123cabd,0
52e436680,90
77767dd21,4
25b7cecbe,4
eef606ee4,48
c87d22df3,49
cbff5d0c1,48
14b239870,103
5376bd006,93
a3b63b1f7,103
24bc6b404,73
651d0b2f9,49
1d3399cbf,79
ffcda7d10,53
85e11330f,73
a1b523d1e,49
72f51631f,87
0b619448f,14
3eba562ed,103
6fbef3988,18
b62a1a945,47
9a3a414d4,53
3e043e76d,53
e45e707db,14
e163f8333,48
34a95a94a,102
c874dbc71,49
7a7c505a8,75
ef591cabd,57
bd3518b92,48
6e3303932,55
5906e9893,49
76311e00b,88
2e31631e4,49
cad6a0d66,53
735783bb8,43
690f1dea5,103
875d61521,53
62b5e80ae,49
4df5a7b4a,73
3f3cfc6e5,103
ac263553a,67
7e85cac95,103
e079e7ca5,9
033f56581,67
bf8a78505,102
3d0556ab9,67
024ecc6fb,77
e23369e1c,49
82e9c6954,103
d8346f57e,73
39bb94d66,67
0502ffb63,75
ae6b4c59b,103
ffccd38bb,73
4217c1328,53
f9a14ea8d,91
093f50986,45
85c84a176,60
eeb419776,53
4a42f34cc,103
32bcd07f0,0
c48f8f050,0
babc5e002,67
a7855a3e3,103
8b2b9d6c0,103
480dbd0cb,49
1b0656451,73
12c03d834,4
237c95bc6,103
2eaf291d2,14
50f33fc4a,73
463545278,55
386369977,55
0c56833c4,103
28f0909fc,67
f48aad6a7,103
68e87d794,49
6a9f813a1,49
e85121a2c,67
ee64fb7d1,71
a5d650b37,67
e7791dc5d,103
41f7c2604,67
9a8d29f7b,103
4b0320af7,49
a1ae9344f,75
548fe4d32,73
63ac3780f,49
6be539abf,103
5c71c2638,48
2dba0571f,67
1beb4e8ef,73
b8c3f66cf,56
4bfdec3b4,67
5f024c911,49
a17d53e19,47
019a2efb9,102
2ce1e0b6a,10
d483748e6,73
4546ad0cd,4
1f5a8d8c0,68
81f2fa04d,65
ecfc076ab,102
b27c04f88,67
3beb40bce,7
2c79f3a6b,0
a5f5634a7,18
509570780,4
c05075421,53
5ee6cb24d,73
70e6b4f07,46
8a0b0f47a,9
804f7c7a6,48
fb2895935,4
bb91e163e,102
53d1111f9,103
c6fdffb79,73
6c1e0dfda,13
7b1177392,48
0667667be,4
1ec665f37,68
23ea06b99,82
04a7f34aa,67
39c5bb98a,95
90b57e4a0,73
38d113afa,59
b83336a9f,67
7af3ecde3,64
dc40a9854,21
3d000dd19,0
110dac9f2,67
cce4b16f5,36
f1babf32a,4
ac67924f9,53
e2b90e868,103
3bb893d48,49
333118494,94
90e8d8225,45
284fc118f,49
fc6b8b594,45
d30f4ccaa,49
fda42498c,13
65c796a0b,48
c0a9efdcc,102
2a017a2ec,50
d1dacf9dd,91
467025843,53
0ef6a4923,53
99f5a507a,4
195bacee1,4
977ebbfb9,103
50b7b51b8,43
a9a1e0332,49
ce0668511,53
00f05ea9e,4
3af79d01e,74
2194ed33a,68
36da5e9ca,53
c5f7f7fe3,103
e6135dd8f,67
6ee6d6c48,53
7b6d30721,13
b7c02d7c8,70
7059b2c59,53
465f2ddcf,103
da6f46b28,25
2a40c5664,91
2a499fa40,74
cfbc79ec1,67
8f206287b,49
e555f7ecd,103
d0411902b,4
c64eb3a36,103
ca1b7fcd6,49
0186b465f,49
5f729cf60,53
1226ffc63,73
76dd2577e,93
674e50421,18
3be259713,53
5dd6b63d9,47
a3119fa46,82
35659b2ff,67
57d9b8302,4
a5b604f04,73
afd56596f,67
e109f9b0a,4
757e27b6b,47
1706c5144,14
57787a61a,74
fb78539c2,93
a7af85579,62
d9e7e7723,47
cc6a65411,4
7cb1fb42c,67
b8c434ee9,0
baa0d1cb2,102
77e34e261,75
4dccae9a1,53
e3b0ff721,49
a1a26657a,73
c0dd27777,47
42e378280,50
d08d707db,49
d89e84047,67
3f7a7e0d8,78
350182af5,4
a048044c1,29
9256e64b8,53
bbe2e7c64,49
501229169,65
4d88ed603,13
fb8be9bfa,14
f18556a22,103
7fe424fe7,4
0f0ccd222,73
ee19b7f65,67
cfe404d71,49
19e07f757,30
63ed2755f,49
702cf1671,103
7beeb67c3,49
30e800167,103
72606e8f3,43
b125a5970,4
5e69e6a8e,56
79f93fc6d,67
1d3f0519b,48
4208f72ba,0
1c0c4fa86,67
36444082b,53
2fe816ce2,13
e6c9612bf,49
5e216ec7c,48
991294873,48
368d86c92,75
31dec703e,49
5c38776b4,0
80ab4469a,70
d75974136,73
2ef28fa69,4
0fde7a334,74
a35a4626f,73
77759374e,103
624196c26,67
441c13b73,45
bdb501796,4
c6326ffed,88
d1655f52d,4
38b48be78,43
3c36c119c,73
4194b2615,78
2c05dd6e0,102
56e37b524,4
da0a25a77,53
a68286bc6,48
832e7cf1f,36
402023b27,73
8cd1b6545,75
0dc507ad4,48
f986f94f0,93
9fcb174b6,62
224416fdb,103
c87c12901,43
e2987599c,73
e2194cc70,67
878bf09bf,103
5df38050a,67
5e2125e43,49
315d0c65d,53
392443fe6,12
26a12de02,53
3ff83ac2a,67
f985ee0da,53
9fb9a9e81,50
61290cc43,0
c701bae84,75
fb91caf96,53
313055a9e,68
3a81df4d4,64
1a9d0eae3,49
476283f9c,48
979d4369b,103
7d759eb81,70
5a2911399,67
d09882bb8,46
435e0f59b,0
f99834b3e,102
d4c799460,0
06cf3311a,48
e207a9c22,49
cc9d66275,50
b241ccc78,0
d46919710,53
c51ad1704,67
a13d3dfa4,71
405a7d77a,53
c96004e94,21
5699993e6,14
251a8d95d,53
41230fe49,73
64f9d993b,7
02073dfee,102
2072cd9f3,4
e6ec47b1d,49
3816dac91,73
831348989,36
d7388a066,68
cd16a306c,73
a24932259,4
f0fd3d741,94
53b2da1bf,13
f89a5307c,43
f65475a24,48
ce3c158fa,74
c785abe6f,7
9b9c0e574,68
b9e60ac3b,67
dfc9c6a23,4
52a88af32,13
0b9afbdf2,103
78dbf0e31,103
8a952300f,73
f267d94cc,67
8097bc805,67
478e21c30,49
6e4cea791,67
f1184530f,4
2f9bf2b8a,82
a51abdf4f,67
ff889e23b,49
8f76524a3,21
c245c24bd,59
0cf6cceda,49
d95bb7f70,46
6e08cae12,103
0f33f1ca9,103
70d635915,82
85f57ce0b,4
367f0d3ab,79
09780bc52,77
7efb877f1,103
0c3928144,24
69e41bdea,49
0039e54f0,73
2df00f8e9,103
ef31624e8,48
f969c00cd,103
53be7448d,67
fa612d18c,67
319090100,80
e6dc466d6,14
a6db70773,103
ec60dee71,53
27bf39b00,24
5d3f635c6,73
a0925df64,73
1f244d315,102
212081efd,86
37bd7591f,67
30eaaa6c9,94
67056dfa6,4
cd4b41085,45
960cb8c40,102
f2cb54027,73
4abefc989,49
2cb2c881e,49
165378703,57
7dd20f99e,71
1dc234d6d,48
3cb2f9e9c,68
f351a6e43,71
45655caf4,48
6521bc49e,67
9a4c23eeb,48
add649c7d,102
26d1f0e73,48
cc9cd7803,4
50de80a98,67
8257df18f,14
8c102e395,74
54f73d67c,14
ba9e33af2,75
36b0477d7,49
cbb2dd81a,48
dcbd123a6,70
e58b03040,72
705344bd8,103
814e0e21e,94
a91426ca4,53
141fe61d6,9
44d4d79f1,49
e203d6713,4
c7dad9e04,49
8af7864d3,73
7b3780a82,103
f670aa5ac,36
15f331c1c,103
9a4b0da88,68
d25115245,49
b547b5949,103
75d255458,73
8e2b5a31b,0
c92860c63,48
0b1ddcd93,75
ff30e8b96,91
e7393ca3b,73
1c39926e6,103
2eb1d2313,49
0dd7f1f16,73
53ef32294,80
8846a7457,4
cd27460a9,103
662f8bc0f,68
50a645c94,49
0e62ddf15,67
88be303e1,7
2f4c11e66,48
a2606d96b,75
2cdb115b6,49
370fe09fa,67
6ca8991a6,53
c0de46b28,0
05b14593a,48
bfcb81efc,103
4ea1d0d52,53
7799eb3ef,48
8fcb4c7e3,53
e161af94b,53
01492b421,93
0d613de49,48
4f363e9db,4
b52dcfa52,71
466f28358,103
743c74763,73
f84335116,49
4bfdf517d,80
237fe1fb0,49
cb5c98667,13
6bb4e9d41,48
250f30059,103
37822e7db,53
fc7c304b6,9
90452c872,13
2abdb1c5c,47
4d9a5c0d6,74
e48737634,103
fd168583e,67
559dc9594,103
8c8ffc7cf,5
316c28a80,79
5ff57970a,13
dd1e506e4,4
6dbeff852,87
5252bf766,73
0e8760c38,103
f696ea622,67
fe590ee52,49
6cf753c72,81
0a4ddf5c2,67
6285f24d7,67
9dc89dc6a,103
9bf7190d6,67
adacc3a94,4
8794f7787,103
c5fda34e8,47
dde1f48c9,9
811add27f,102
58605ff84,102
fbc29acc1,0
9eac41e56,14
74fdf6cc8,73
ed43b8e78,87
0b624f751,67
82fdb1afd,67
54281d31a,4
eec53fb8d,93
526449d16,91
ab3210eac,75
e91cb4f98,7
4e9ed92fe,73
f14b84f95,48
9b1d44428,103
15b77ba34,102
b87d8fec4,0
f78d35dfd,13
f250dd64e,4
cd703e25f,53
4d8731d6a,4
6db87048e,91
d6f707315,47
87c39a44d,74
5ecc1c8bc,103
4bc218fab,48
e6609d48b,0
26806e9cf,102
527da06dd,53
274f4bd2e,87
cecc8c55b,91
dd959de66,93
bfdf112fe,70
228f748d6,82
e33bff353,49
38ea80b60,4
7ba1904a2,103
db9eca137,102
bf3116d78,74
910b97274,81
affce3819,73
2f4739680,53
0a7989f52,47
5b9de4b19,73
2a94eba93,73
0fdf5073b,68
339430425,67
06006e0c9,47
b23e435d9,80
a73efac60,21
ef9591f3f,14
892426d11,30
25405d6c9,49
ee2b50aed,13
f92de8523,93
a1ecb0622,48
c6ce2c1ae,4
e80ddeb7a,73
4d1ef02af,57
b2b4ffcd2,73
0b3a02b48,49
2688f98e3,73
9ec15c151,80
2f0224a9f,103
92e74b080,68
da2d9bde4,103
98e5cf2d2,49
9a1c7e11a,53
083c5dcc2,73
44c94e8b0,67
af70c8cc6,48
f5277593f,14
147e5ef99,88
3accec78a,102
366a3d04f,90
a6e0df6f5,4
dd4a193be,67
b2104558a,103
eec3f5ce2,0
81c8c5199,0
a8efc4d66,36
12b48d46f,53
6308fe124,68
23e50dcaf,67
2fa8f8b85,67
b1ab363dd,103
e34772216,48
3b71397a9,79
aa12729de,47
d0e21eef7,73
776074cae,80
88e6ef51c,46
43fdb00da,47
ca0113f84,73
f90c673f8,68
7c3055bc8,73
65bc00f77,49
c3ae73094,74
5586807d4,102
80acbf30b,12
9d13c547a,49
b983a51bd,103
6a0b33f79,82
06ad3fc5c,53
529e8c1cc,0
e56f9fd6f,4
d7d866216,73
18377be3f,75
688223573,57
63348128c,103
dd754aab9,75
5aafe07bf,67
e8d193a43,65
7e4a5d836,73
51493dac7,103
5ff30ec8b,50
49292d94c,49
32a2079ff,49
3bf2347ab,103
289e5b823,77
217fbb923,21
93cdaddc1,57
801d0d3c3,4
4a122e0ad,68
80468179b,57
d93bfff1d,67
b145fd2da,72
3744d58d1,67
babf57037,75
a567d4a59,67
648319d0a,102
ad6d4b44d,88
68b83ad56,4
3cd423fb6,47
675e1db7e,48
f33705a47,4
6899ceaca,73
764a3885f,49
03ac6694b,64
46f943627,73
462eb88e2,4
8d2b32b02,53
f35bfd300,25
9a55c6f1b,102
fe1fcc972,53
c83825f6f,73
a99ec466c,55
903bde9b1,4
62a7c181d,57
f58d7487e,47
69a8e84ba,48
54b444711,0
870b7fc50,49
5da84086e,58
94c8329af,103
d615fd16c,49
4c1941cfc,53
da6606b4f,49
4f1f1670a,53
ef9f75d12,103
9ed93a956,73
dacefb140,43
665bfe8f5,50
9121b3849,48
679f0dac7,49
362fbf850,67
5fccfc9b5,49
211c90566,67
4abe117e7,73
94da0ee7f,53
5e0cdf39d,93
6bd4a7ab4,13
065817704,80
b339d0a61,49
3b9e7a8f5,48
725cc0c4a,73
89c19cf37,67
317c8b0f1,4
8e5430d77,73
10c4c8d44,46
47aa985a8,53
71cc05cc3,67
75540546f,49
7949b71c3,67
13ae95d53,49
c1553af6a,8
1972bae11,49
3eb77db12,73
af2a02abc,0
8fe181d94,49
613831ee6,4
1d88115ad,103
4fde9d58f,48
38f3a40a5,103
b5cc43bfa,102
1c4ad0e13,0
303979023,49
666d25d39,103
826712f91,103
3dc7bb76a,49
6251c33ea,43
f6482ab55,68
6f84aa228,74
dca3a0787,36
026d342fe,103
fef98a71f,73
7d2f35248,0
35a08a010,0
f09cc7902,73
878e5d725,53
c223fc7dd,4
0fa462f68,4
f50280136,57
477aa8655,68
500c28291,53
3267460df,59
db8b6aeda,0
fbfd9cd87,93
2a872a9ef,102
b3541d83a,5
eae09f119,75
2ccf28e9f,53
943eef63e,30
59265d2fa,4
f347c4666,49
c4970c739,67
c46b163d8,82
07f8cc8ca,48
84fece524,73
38faa7eb9,49
5de6bcf29,43
f83f81e9c,49
38b929b8d,67
9428dd133,53
e1494fbde,48
e69fde9d7,4
afac3a5b7,53
ba4caa600,49
328aba75f,49
216703083,45
3c4dd2705,49
3ca2ee97f,71
7d6edd6f1,67
c2fe4e836,103
894eeb28d,49
527fe834f,103
d14992eb2,73
245d80d97,4
6581fb5fb,14
c0fb3bed8,49
35dbda91b,4
94e8795c1,49
cc055150c,73
587e9b784,103
c5f4134e0,103
ad85435d5,68
0509887de,0
15a4485d5,103
8cf5bf4df,103
b651d313e,67
7b38f9919,49
6fe85feee,53
3b3341edb,102
04f9e9721,49
7a8a88b42,4
1e73b74aa,103
483a8e2d8,73
b4a235b93,103
d1eebfd7a,103
317b22963,73
57a2e8995,102
ef65f22fb,73
98fae1d61,53
7927ce9c6,49
aeaf5ccbb,49
088864629,103
850acae7e,4
92cf0e905,68
00c12e4ff,49
cbe14bd98,49
9b9e080c5,48
ba32fd161,75
b04f7be54,9
fba0bb7e1,48
ba757db32,73
5ce48d24d,67
da9ed562f,68
11b363237,46
4cf202ebb,53
03e5f5846,45
329793680,4
161acbde6,4
a991b14c8,75
f3ee3f7ef,73
fbfd88b1c,49
f029a3429,48
e82bb0f6b,57
02c52b451,67
2449b5518,49
be06b31f4,53
f7034380f,70
d5888b919,4
61b1040d7,47
68cd38577,74
f6ec8db9e,103
26d1c3498,67
a2d9d460e,43
86c0fdb4c,25
3288217e1,25
8b5155f07,71
029c37998,86
c298d16b3,68
37a4efb7a,53
7796dda43,55
805e9a7b0,4
6a29fea52,49
2d1ee50cd,68
a6e295583,48
e1e5687f0,4
e4cac2e07,67
d4bfe24fb,49
516ef6822,4
f509e2cff,0
dc5ba9ff5,49
8ef339ee7,14
b909de36d,73
9d051fef4,103
eb0d37eab,13
4249b8e73,49
bcd77e220,58
582a4afd0,103
3f39dac7f,73
9390e29ac,49
0835292c7,0
5f8f53f23,49
69930f05d,14
7a2a38d8f,67
2f57d711b,4
6dbf25622,77
97beecd94,45
343f4db58,67
a5eab308b,87
30bfe5b05,67
5b9059868,59
d3ad608e8,53
0847f61d9,73
3231b476a,0
cd009e1a0,0
92d447000,49
609230590,36
2e211accd,67
f85f090f3,73
06846ff3d,49
d57064ac3,4
15bcf0bc5,73
437e2a9cf,102
a02dbf1a3,67
9d65f5961,86
54eb01070,73
1914b6245,67
ae3a8a68d,13
ec15f805f,71
1eb6f22d5,48
1161f79f4,103
d01f39daf,0
6f6009530,9
154f5a75b,67
27c74d8a8,87
c67210c70,4
8c026ccfa,74
52491f753,68
675aad8ff,13
47e7d602c,103
b45b3f474,53
cdcb45570,53
f66e3a446,71
c25141a41,0
6ea1e9ac0,55
7b38952f6,68
58df72bc0,67
9ca5d93d0,4
abaee2413,48
12fdb3200,49
c359190d8,68
71d39517b,59
0e5ddc603,49
f1b51e257,49
789e0279f,24
2c3a35bfd,67
79245d0e9,103
929ac8834,49
25b587ccf,4
7cac453ad,29
76ad6cdd7,7
baf415f07,48
4e8b618c7,74
a2d7f197c,103
79c44e828,103
a007c4ce7,73
2b71757d7,93
d6fba1863,102
da0416b3b,13
14024c433,43
edc4d0f73,80
ce2335977,82
bc2795b7c,48
0fdb2e372,68
27c66fcb0,91
d2ce72fe0,71
500ac8bc6,102
b448720a0,49
b382fd54c,73
dbe5bf31d,49
bfda38c44,48
cf087fd47,53
b30c2d7fb,67
14d3647ae,73
4244d98b7,67
3ba519bb8,53
e9294bac5,49
2c73bd62a,67
e7bda0661,45
2406dc526,4
2d6826d81,67
4091cbb29,0
212497b97,21
d01d8d2fd,55
0c4cc8319,103
0608f2ec0,0
1d0cc3798,48
a1d2cd9b9,50
d4afbe85d,13
a7ab2ef02,53
9333ee3f5,73
f2defaf74,49
fe6889fe9,65
2e478a3cb,53
42105b5fb,14
23e9b2025,49
e71ef6701,4
b5fd14fbf,48
3f36a62d5,73
b687e4bd9,49
035d2bcd9,68
528c13be5,4
2c9dc020d,24
fd5eb7e8c,0
5eab13f01,53
74eb03c19,48
b7ecbd370,103
2c670a497,4
4ae7d6827,73
4a506053f,4
da76579e7,103
98b1475af,50
7d1794961,49
f938b8711,103
96112131f,68
3526d7815,103
950a866ca,4
bf16e0cb8,49
40d992dc1,74
6433f1917,67
3f36f3f32,74
85c997028,103
3bef19347,74
34438649b,43
b41a52def,14
557900fde,103
99b3a15e5,48
3feba0f46,103
8303a6784,43
e33d3b318,36
a1f8b0936,49
c12330d34,48
1e2c7b899,88
3acfb71f1,67
56737d31f,67
9ae160f11,102
d8a5ce5ff,48
523dfab06,103
4612e397b,4
ea602cdc8,14
3c401022c,73
d8d29bcf8,103
a7b95dad7,103
92782ef45,30
6d7b4a632,49
f2a6cb1f9,75
77d850f7e,75
9944acf36,48
543a799bf,59
b82a2a3d4,48
1b474b251,75
3f7fa081c,74
bfa9dec26,67
5a33a8adb,73
2bec0d2ea,4
45a702ee8,62
e46dce22e,93
6f9686457,53
ada0d1354,59
92a289926,48
f7457839f,70
9409f8d69,88
9154cfc20,4
78bd1cad3,0
1a2ba059a,53
67873d67d,48
f552eaaed,67
cc98ccc8d,4
45093c3fd,75
117122b38,48
83c2057bc,73
92aea1584,64
a781c6147,102
e1f2ff623,103
2a18f7ed4,0
d81c315b3,48
1886b234a,4
1aacc5bb7,48
0950aa4c0,14
3dd3823ba,14
53fb48abe,93
a3535e355,53
c1d072b0f,77
4434ef42e,73
a42065058,4
bd1b3d191,13
d9e1e54c4,103
e64bd2b5f,73
fab4eca91,48
0862d460f,75
531165006,103
8967f7f3b,82
909b6223b,24
61e87e199,86
f73a6bda6,103
fe195b05f,0
725611911,88
1a751ac8b,49
27aa48f60,73
21a0ef857,24
0e1199571,4
266ae8451,67
8d4598be0,48
cb80e17f2,55
a8d7d90ae,67
e71ab3905,53
544ba8771,103
9367b53dc,68
812b38844,103
491331146,48
209e45144,49
471609fe8,62
8226b3a56,65
263d09ca7,102
8e6591362,49
086d87731,68
139b1d751,14
bd0d92568,48
a0d752238,68
261838dd1,75
b0b2364f5,68
fe2c0a711,4
d70fac2cf,0
67fa9ad3f,67
8ce0043be,53
c18a20c3d,49
315a148f3,0
f8bffd3d7,77
3ebeb5ac6,36
4a41ae5e8,67
3070b77cf,55
d0a99b293,67
e3d055215,75
e964c6dcd,50
28f52a866,93
5e287a0e3,103
1fb364cd2,14
e69beeff1,49
d0f992c31,45
c980fa8a5,67
d8c46cf4b,80
2309219de,71
151e1bb21,49
9eaf1170e,0
565242c3b,58
d08be28c6,62
d7e737749,57
f302f29a2,55
eea95e8a8,103
c0e30a258,62
dc9af495b,13
78a91fc04,36
20cbfadeb,53
6473786a6,103
185f4651e,25
d852da76f,73
c3bcd37c1,103
6d8432929,49
032ca1556,67
9b7ad01b5,48
8c5ae49a8,0
b6ef5389e,74
32bd3826f,103
922e45d33,67
343bdb4b8,67
4149127b2,86
1bff5085b,67
3070a069b,77
51507f7ff,30
63a4aed70,68
8f7809cb4,74
e6c3f8ec8,48
0416248e8,4
8a81276fa,14
a29efa0f2,80
fc4e189da,74
2a0a14e04,49
0d97ef626,0
82c248395,47
43a84d203,75
bad7b9ba0,49
f38fe4cef,103
9f2d4991f,49
64581ef78,53
fac7af031,73
acc377b86,49
b9bae6b0e,68
a8de792e9,13
b134d8c5d,4
523ec62fa,49
f1deb3cc1,102
4e4504ced,94
fb02c411b,73
0555a95db,4
aa8eef48e,60
42ed99f8b,67
073a72a81,75
1d03ab65a,4
1329c5b4a,67
70501f63a,53
bac490985,4
431a635c0,62
218ffc7c9,13
351f462dc,73
d6e9bc323,13
64027156d,24
e6f327757,50
3863b7205,49
8404dd232,43
4719dfcaa,4
23f7b7a7a,53
abb6d81d5,48
733de405f,4
47f7f9a06,93
459adb9c4,77
c9d5ec522,4
884593f79,53
97b161e96,67
45a36938c,74
d974a8a25,48
383e2e03e,67
452ec84b6,53
b6a36c182,67
410641125,35
ad77c781f,48
6e7b662f3,102
1e26604ea,75
e69a97f86,47
110f7428e,49
3406f987f,4
04bc5ff61,103
985c8a491,103
05ef686b7,102
56c86b9c0,4
dd102e397,25
1dbaa5744,4
be1b79939,103
e69ddc9c5,56
4bd5d4982,46
90a369187,0
618ad631e,103
20048b328,75
0e4cdf053,73
69a2f544d,88
c8d684975,71
10c568a02,45
ef7856a23,68
6b57e5a58,103
c8c92b3d1,49
f88f94471,48
77a987385,80
7cc60fb22,13
e881c39e6,73
d853b843c,49
9fd265646,67
baf87d0e3,74
e44de523d,103
95d50723d,67
9000b5760,48
c4a376520,9
6bff70a64,73
f7eede84e,48
9d7b004b2,67
80abd878b,93
2d10d39ba,67
f2c6cb2b4,49
b25c080d9,102
f92ea03e2,64
24cc36b04,73
83e64f32f,45
afd01aca5,73
1c7354786,4
28ee705b7,4
88fdcd071,4
392019a2c,13
5345fc847,4
a959c7034,49
6f12632ac,49
d782603ae,49
3e7ae2503,4
35e87cd85,103
e752f8dfa,13
aec93bbc4,53
c3c540406,47
385bb724a,73
40752b008,103
2cd58674e,49
1abc6d06e,73
1be394776,73
ecdb603e1,68
6e3716497,73
1f2621b4c,77
407df102a,71
5a7f69e51,90
dc77fccc8,73
b3cf1a86f,102
630ddb37f,75
9416364da,49
f7fd08c1a,103
690f47487,103
53a6ecdc4,48
96cc54a3b,103
ad9aa2ae2,73
30c74817b,73
847ffdf2c,49
6de9b2572,45
b99ddd49b,47
37377ab6b,49
f8326b046,75
509965df0,49
1e9cf8264,102
6e1842cc3,4
629436111,67
c0ebfe98e,67
4afd54574,71
6abdbbd7d,68
4580f61bb,74
3e17385dc,68
9556bf430,68
817066a16,4
6348a7b61,67
20e92f82d,4
75dbc2c81,48
48e65f113,53
ab35917f7,49
7f01686f7,87
8919d694f,49
0dbbde2b4,75
37dea321a,80
488cd2512,48
e39fc5430,36
724560f8b,48
086fcc48c,48
42f1496d8,4
563f7b16f,13
7cff9aa7b,53
90bb2bf7c,75
47499b166,77
735b3631b,79
8e8f25c31,49
deb571149,43
64dfb8137,74
d50341097,53
492569251,46
6aae558ae,80
bf7e00572,4
3c525cead,49
b104b01c3,8
75bbc4353,4
9deaf95b1,53
fbc1f1f89,49
ebd745005,103
f796dac32,49
5a2c8645d,93
994db92ae,73
e53134336,102
282e04df1,46
1dc077696,12
a7756b411,53
a94c4d821,80
d66f375db,74
cad0e063f,73
fef2b59d5,4
c09ec978c,103
5a83e84af,76
0a383f1bb,73
3353b9bda,36
4bfdc5664,0
f0e0f2a32,45
e799e6e75,0
d15a4d94c,49
dd7ae60d1,55
58bb4ddb2,67
37cb79b63,4
b52d8f0a2,47
e028101c5,47
93178e5ac,49
adb78b73b,48
16b00a5d5,49
78235a81d,102
2aba48b93,103
bfefa1d73,55
343a80f91,75
fef9f8524,29
45bd6ecd8,57
c4727766b,4
f9dcd69e3,67
8361e9b86,13
cc7981c1e,47
b8612fa45,103
d08960735,49
57c274565,67
057112f09,4
4e65f53bb,13
0ef6541f9,67
9980474e3,49
101551fbc,93
1c30e72d1,73
c8bff789b,36
a534b0f16,73
4b86a4171,67
3b932fbd0,82
e269805f6,68
450dd240e,94
f67795cc5,68
ff9c8d8ee,14
52171b028,71
e7b039312,46
24ef54ca8,49
f3c989c3c,53
4e1eb807f,36
cecb3fe1c,75
cb22250ca,43
7be31a9a0,0
e7d33e06f,93
9403b3f86,4
4a9e8f7f7,68
067c659b5,103
01c00d9c8,53
014809654,71
fe6da2049,50
f62d1e472,67
8695f4633,49
5bc0988c2,102
cc16ab1ba,4
0a117eab6,93
61f3da6ae,55
e3fc821ef,30
8b5aa768a,0
6abbdbbe4,76
0ce7adbea,48
b731c25d6,57
45c23ce20,49
c931dc74c,59
8fe41c548,48
a07779d6c,49
f3a8be142,0
fa1a492ed,49
1b426a50d,67
d8f1c6f49,48
c7acfdba4,53
2f2b2a1f9,50
1600cce78,53
be007fe7e,48
8168ee82a,49
6036f3641,103
d9d483387,103
5a5cc97ec,74
7cae1c547,55
0a63cce73,103
9dfd91c6f,67
fdaf286c6,13
e3fb7b8e0,5
9f80ffecd,14
71c31d4be,4
a82ca5b13,12
cc446554a,73
a6bda1044,53
0e7c4c272,55
fd3fb66f0,4
fd311eab7,103
7257ec39b,75
1c074bd0f,67
3d6f46c76,102
d90f33907,88
1e793aadc,4
a7f5360e0,13
3d5479aca,53
4a608f8ad,49
599713c6f,67
d753dc261,53
a76840623,49
065c9b5be,59
79272fffe,74
701d4ac2f,67
29ee6d680,53
e2aef08ca,4
4b8a4a3da,14
0497c3265,68
7514c8182,49
4134d5714,29
d665d6a8c,80
fe1857f3f,73
b5eb21e9c,72
08ffacb06,49
c1f7fad28,53
778808485,103
f80f02286,46
d0007cc98,103
361e308e0,76
9c1a396f9,73
13fff11ed,70
ac869f858,49
cb9adc4aa,4
8175828ef,47
ad494795d,67
3dd834459,67
9ada0d093,102
9edb00dfd,49
e26d85d35,67
fc70a3b37,73
bcb18c6e4,68
b6fbcbacb,103
dc8dc1ad0,0
9e9dda9fe,49
c762253a3,49
9b444719b,45
f6d873abc,36
fc601ec84,53
504ce2b94,103
db789a901,4
74bec8798,103
1e155978a,103
e3542e88d,53
1fe55a939,4
fd3bba010,62
5752ad3e2,43
f69e60044,4
5fbdf775d,49
8cccd4aa7,4
0e5e79e60,49
8f04c2207,49
88c6b5f1d,82
9af5f572d,9
5934fec49,13
38765c6bd,103
2f29a2a9c,55
12d007adc,57
510743b2b,93
67ecf7563,102
43df50ed0,49
16ad94559,103
8024a233d,14
7f4a2f594,103
5fedd16b9,4
f63a9b6fa,103
4fa22a6e4,47
6b1551121,49
ddb556ab6,49
debf90490,13
4bb5a49ca,36
c2b8d96b7,4
7c2d22784,73
444a5e9fe,67
063528d00,36
7ebeaec30,50
61b28f8bc,49
ec55c0f86,4
5924c5e47,94
385906707,48
ec3f90c05,67
7cb5e6b99,71
09a438bae,67
f6f3f541d,102
bd439cf5e,53
358cb6a28,49
b79cf00ff,49
21d31d208,48
fd88bb2c5,76
f638a96fd,13
f91c76038,67
c3f6cd0e0,13
9f5e5ec3f,4
2e0dbcfbb,73
2ffc025ec,14
656f4c5dd,48
df8c1c48b,56
b24b4ecc1,103
1e954dd4c,67
98e101a61,13
9b7918a64,45
3c425da53,53
d29cd9c2a,0
d4c65214c,67
fee9f7c67,49
41a9e2617,103
a3355967c,48
36c7c4a64,87
73b47d713,103
55da8e5b5,48
8ab688113,75
b080d20f2,103
8eed96f65,82
47664da16,49
c9ae3ceea,68
3680129ae,45
97ccf888c,4
00450d304,49
aaa8e6d3d,45
dd9f61326,49
96109449d,67
0db5748ed,4
e8aba010f,49
258ff457c,73
7698bb454,73
025960a54,73
a01133fe3,73
459d3299b,4
ee40fc4e5,75
aee5c9b93,47
9dac30b0c,49
d278a4f7a,49
7d0e7bbd2,87
01262c8b3,67
1fa6772be,103
d4ab600c2,48
e1f685853,48
fb85ca687,67
6a273ddf9,68
bd3464591,73
a3d8cc563,94
efd7dff01,49
8a66bd5fb,49
82d5f6620,103
6eb8b8e84,13
70ef6d8bc,57
7012b4533,102
4cd75e21f,45
61ceb0f5b,48
916ee9985,4
4787424e6,25
2a5df761d,67
711216a77,50
d482c8cf2,93
3901d45a9,103
0045ce94c,4
af4d8f92b,67
285e0bc7e,0
84b9be4d6,4
028852549,102
1ca3b1ec9,67
fe7857419,49
cfcd57260,48
92debc194,74
f35bba490,49
004b88e09,103
70077ecb9,48
77fbaf59a,49
d3d08e737,67
a9f0935ed,49
c7d865058,48
b0f2342ea,86
318d049f2,49
62728ae3b,102
71c57f5bf,53
818253773,4
7fad74e0f,68
197830e87,75
2cb6d8130,67
6022f99db,21
9011dddde,49
53622739f,48
b37712a07,14
2a69fa3a2,74
6f725ddd0,8
57b0ac4e3,49
a030b3e71,103
496bb2adb,49
8b4dab7c3,49
e925b2ba5,67
ae61e912f,14
5d0b6dc90,49
3d3dbb521,93
fabc19e97,77
1bbcb152a,49
b10193db4,75
7a512bfa0,67
a94f6dde1,73
edc4bea12,73
80e758118,56
9dfc925a1,80
388606357,68
cb225cfe6,74
179aa8d61,25
4831ae48a,58
08031b106,14
7165bc7ad,74
91ed2728b,73
4d0229802,4
31e5dda95,67
53d9b87f7,45
cbbc6e017,73
5c597c7e1,79
3a17f07b0,8
990ca8dc7,49
fea37b294,13
487a6f05e,9
91433794a,70
b7aca2c8a,0
00a7a6244,49
6c123c407,82
8304d7230,49
9e4dee17e,14
36af4c914,103
419424bb9,75
3cf641526,0
88de21f46,57
1caf8b7dc,46
70be85fb4,68
8d36d1fd7,7
b0c17d5c1,102
8c66b87c8,53
71c381469,47
ef6a25c92,13
bf6653e3f,67
89ea4a518,67
a4f827652,13
67a4a4d91,103
ac63c6d38,73
a1c45a1eb,67
8cee8b405,53
a7fcb3749,91
54d263a8d,0
32863f792,4
aead648e4,48
4342207cf,67
21c09e349,45
f7f77acb9,73
1ef2e4de1,4
08820c254,103
c22e3bf9f,68
7677ecd51,103
681e2b154,36
57bbb106e,49
10f4c026f,65
20ac1c597,46
a0d5a99e0,53
96993f959,67
c5ab18c87,47
6c4b066af,4
c753eb6c0,9
f809ac529,75
2e494a369,62
728a12444,49
c3565844a,5
c8baf7ea1,73
db95e1a99,68
b9feb1bca,0
b846a9ee6,91
de996c4a9,73
d3777d5cb,102
6bf3d86a6,103
4cf56a9f2,103
d71ba33b6,67
5ec9553ea,55
ab78481b6,49
9a6a82b59,73
bf9e90a5c,75
d17ef4e5e,67
8745560e0,75
67eb6bb6d,67
12fb0107d,48
bc4c39336,49
98f577627,49
960b40f5f,103
7f6076e29,67
ec80c1413,67
d6cd39e5b,103
da4a55d56,91
ea85ab37b,102
82856ba28,10
b72ac95bc,91
610314687,4
9d44bd787,0
dc4f97c9d,103
2dfc47c2c,4
be3a7698e,0
a475599ad,14
98dcdf215,73
7eed3c569,4
e0151da58,4
2d9284433,53
3dc8e9edf,47
8429cc1ab,74
3fddc8eeb,49
d86ebd20a,4
773cb6978,71
508c39bfa,49
a43f7fc0e,49
b0f5e118c,103
4a9a2ca92,49
710ee21be,67
8c17a992a,48
224d2ad17,75
99536c670,103
37771fa98,67
f5ae2d10f,55
69d14fa3b,67
ea0b66dd1,53
2a69bcce9,4
0b5c8e646,25
a00b723d8,103
4a98c96c1,4
47f7fcd87,68
139bec7ca,29
7e53bd3db,53
623270c63,53
7b6429c7f,59
db0c2006b,67
856565e67,91
756c7c9c6,68
c3d234832,57
7d7a8baeb,45
64a8fad00,103
40073bdcc,4
e1b3d72dd,102
e88d42b8b,94
ecf64f4f9,13
503c5b1ab,75
7eaa17466,4
b9204c339,103
302e11bd2,73
109a722a1,13
1e28c6a4e,49
b273a1ca7,49
8d195e4db,48
b86044a66,9
d18e36dce,4
4a530e1c1,80
c232077ef,13
36c65119a,53
50df03fb2,103
0422f8181,68
272457fe0,75
79c33f52d,103
59f5594d7,13
6c51e020f,14
117831b8b,49
ae331a500,88
d913c762d,103
3d4a5ad3e,73
269695569,73
0693e839e,103
62eba5d4f,55
c2ad42df9,49
d0cd8ecb5,13
6a664ced1,73
d7d655c8d,14
b3acfed2e,103
7089f8683,4
fa0d9a392,67
5d375ac61,4
83b0ea85f,67
8c39d1b41,0
f9d24e47a,10
e24d7d290,73
c55a2af2f,4
7a8d95cdd,13
f0f7be744,67
2b91acd3b,103
89ef3a121,67
35eb134af,49
787c185b9,103
934408cfe,68
68510e311,43
1a993f386,102
250f0fa92,73
504e1695d,14
4c4fda276,0
56cfcf9da,82
822b2880f,103
d85ac7942,14
c1c9a86db,30
dc2ff7073,94
3c1645928,13
3756769b5,82
e4f8cae75,73
ce60e5f2a,57
93c15dc29,5
c071b59c2,67
e6798651a,43
6c95b6248,9
cddf33a9c,4
7153f9700,73
7f71b69e8,50
71c1f0507,4
7b6338bee,49
3da7aadde,48
c180f1160,80
32d9fa7d1,93
154896ab2,93
0072f64ea,49
bb298dcc5,71
932aeb630,102
2429cadb3,49
fe9040ec8,67
b67bdf3d5,13
b91ced576,73
64923375e,73
fc220624a,24
eb478b7cb,49
b7f261913,73
d390d32c0,4
1f342e690,103
b78e121dc,47
250af268e,103
103a4a0e6,67
7dc21298b,13
2bddd2904,73
c70d94083,4
2d46aba06,73
4fd1724de,73
f4dd28145,94
97dfe0bfb,67
e95ce8077,103
06a1a191b,49
a1ca4c928,4
06f00d362,87
155f68180,64
fa43f67ed,68
69bdf9905,24
6959092b7,53
3f6b5757a,48
7e23f7ad1,49
80d50c469,103
764a98598,53
055ca7ae5,67
fbc9ef0f9,62
cfdf97182,103
b868bcb9b,103
ed1e5c7aa,75
d1511e64f,49
b7882444e,73
3552b2954,67
d30a6e9e5,71
7cdae8d89,4
570029ba3,103
a85a06d9b,50
41163300a,67
bbbc5f9a8,71
37b58af62,12
1a40b279c,68
039b15a83,67
983130c4a,48
ebc7ae3b0,25
81bb11926,53
79e573478,47
206696cbf,13
28c5b096e,50
57abd6d16,86
3ba0b4f6f,57
60c188245,67
7c9adc043,56
54b876ff5,73
5574a3c79,103
1f0642fd4,103
7e1f50feb,73
2c302c916,0
797d44519,53
5bf457360,67
f718d5fff,86
8228ed988,47
d062630fd,49
7e5967223,4
83bd193a6,68
f3b8a1077,73
51b1f6a59,73
c3bab1104,67
b2cdea1bc,4
1ce1a7e34,102
9a6716090,67
57f44a56f,52
885d5d2ef,94
c354e0d67,29
82b0ce34b,67
41c27b630,73
f2f66f2c0,102
d8f64062f,53
3d99a3247,102
c0b653e38,48
0d7eab0ce,46
bd6b0dfac,49
75e80fdfe,67
4ea7f54f5,67
562b2d688,59
815b552f8,24
db0212bef,14
93b56e886,103
1b7916b63,102
2c54bc2fb,48
d5d2c10fb,55
73356bf2d,82
078233359,68
ea6121903,68
d06bf1078,45
8893d08a2,77
b9e513369,73
0999994cd,9
6a099e4a7,62
2557c29c7,74
e45a03866,49
0af1026b6,13
f5da36491,0
6db4781a7,14
aeb1a52fc,75
5d35e5409,73
d12bd1d03,67
916834e2b,9
db2bf0488,49
10b54687f,53
e80bee440,88
7c10f4b8b,67
ea32570af,4
c27d9c294,43
043666ac5,14
6b9570949,67
2e7d74e55,13
78c19e86d,53
48689d750,58
6429d59a3,73
ed429fccf,49
89e147dd6,103
941dde56a,103
88ab1aed7,43
a5b6a29c8,59
064a230b7,77
8482cd4e5,55
816ea6eb9,53
0b9edd8f9,88
2b4605245,103
393d8efdd,4
1363038b9,48
d0b48815a,53
943e13c28,47
66574442d,18
aaafbe4e9,102
eb4bacc7c,53
2ec187152,29
048596edf,14
f157a3c6b,49
d8f81ecea,67
f21f7aba6,36
8a223576f,67
2ae165ee8,68
c1e7e7867,67
1f38d6778,50
9264502a9,57
03c54f05f,67
b1391f097,77
43382559c,0
35b87f500,0
f033adb55,48
88226300c,73
cd3c07f1e,49
a91c62b42,90
08c3da1cd,67
ca9c4b1e1,4
08a78ffc3,102
4d42fbb18,4
5c76c7057,68
9e011c986,24
377abf496,4
f69355cc5,67
0535ccb68,53
a0dfbd411,68
ff6213278,53
f0dc59c83,67
f5207be25,67
11ed4fed5,68
377240bbd,73
bcd68e6b2,93
34aceeacc,46
83abaef21,68
ed849ee3c,91
f58f83775,103
d34eabf31,67
3eaf5a947,67
36d0c85f4,14
214121cb3,73
bb9565c29,49
69af53dca,45
30802b47e,67
5227d80bf,4
947bca713,49
5f274a6ad,103
4a03138df,47
bf9efeb37,67
fe1669ffd,4
9e421d059,103
5a86ac765,75
8c59b2b7f,49
5f84c75f9,53
4cf1de29a,4
9dfb86d81,48
d8909ecab,36
7db44032e,94
8e75c9098,73
eed177624,67
bb1e822e8,14
b2004fc1c,68
3b518d13b,82
0571dcc03,0
41cbb748c,102
01597bbec,48
816ada493,53
0b2640e87,53
04721ef43,53
ce72a44fe,49
df01d58ca,50
2a60639ba,14
4d20e5f0e,86
226ff375e,74
436f2b8f1,88
e72ba29c5,103
9c64cb14d,73
7b1e459ef,53
f8aff0cd2,55
02b01a158,102
b8c82be3f,48
fb9a6a9b5,67
9d98f7c9e,103
2e7fad027,103
9a6e4aacd,67
f811b7fa3,53
f9eb9c412,4
374452b3b,67
c6774c8ab,102
07f85cd68,50
0c7c4d0a7,4
6953f8992,73
5c66ca3ec,102
3a391563c,29
888fb3305,74
792e61b1e,49
c63df66ce,103
434079379,13
44903b337,103
767a87c4e,45
149c9e414,74
84a3027c3,103
42d890962,35
a6e42d0ec,56
4198fad68,55
142929b13,73
01a3fdd52,86
b0e07a930,74
f87390b13,67
7de565519,79
14d0bc36e,0
1d49676bf,67
ff5d4568e,52
c6bb832b3,103
fd5cd4e2c,79
e98492667,67
911c029b5,24
f76006728,29
4ba2dc197,91
fd1ebe8cb,102
36f394d24,48
fb67e5172,53
337187c30,67
8af4a8896,91
d20e60a1f,73
671ad3443,67
b8bfa2b50,13
797da59fa,103
878cb5b42,73
7ac6f5ed5,4
b52c3c500,0
39b18554c,67
897e8e24d,102
c93ecfaeb,73
23ea13205,9
536c83e57,4
7e2ed4d52,30
9a167fc40,4
8b293a45c,73
875858dad,4
8f7576edf,4
6ba2f9b54,13
b0d0e7cd7,59
aaef221e7,48
45ad763cc,73
9e87cc8f0,73
369e356df,75
66cf381b9,49
f938ff523,71
1fe1115ee,45
6b47e8357,73
a4d628083,94
c1e39ffe4,4
4e933f65c,68
5b89103cf,77
0ed0741d4,53
f78eecf21,103
9cb714943,103
2e21540ac,102
7d3786848,67
f8933e5d2,47
76bb433ee,46
40fc0d8ba,103
a6ad089f9,47
41ffad9d1,76
26914358f,49
a4cd1d43c,67
aa118cbeb,36
a21a2c1b2,93
0cf33d505,49
f0f7de90c,73
6af290ef5,57
80ceb515c,53
44af20a55,46
fd44aaefd,91
631f04e66,67
2a158f54c,68
6273f48ef,80
d5ccfad53,13
76e3166a8,49
29c460e2b,45
3875d3601,53
a5d4584c3,4
ab6404be4,94
055988ad2,47
c404b8c8e,73
deb71b934,73
500c6294c,102
cd86aac5a,4
785f14a23,4
8bae211d3,7
9ca216086,49
e256b0ce1,67
f95d4b24c,65
6162cab31,49
486715238,73
dc5498af1,49
9d4d22004,68
c5d48fbbf,67
c2ddc15a6,48
e34bf0fa4,75
a024aee0f,13
2a608c0db,4
0cfca4a37,46
c199140c3,103
d82a21bbd,48
47f47a868,80
589fe7959,53
f9c931893,53
27c1d078f,67
d6c7e918e,48
18c7b92b8,53
b9b88996b,71
e46998f4d,49
523df966b,53
e86e2a592,53
